site,building,storey,id,ifc_type,name,cx,cy,cz,size_x,size_y,size_z,bbox_min_x,bbox_min_y,bbox_min_z,bbox_max_x,bbox_max_y,bbox_max_z
Springfield,Hillside House,Foundation,7945,IfcFooting,FND-045,31.3434,-21.5398,-1.55,0.9714,0.651,0.5,30.9428,-21.7866,-1.8,31.9143,-21.1357,-1.3
Springfield,Hillside House,Foundation,7951,IfcFooting,FND-021,23.6407,-21.5474,-0.675,1.4242,1.473,0.85,22.9287,-22.2839,-1.1,24.3528,-20.8109,-0.25
Springfield,Hillside House,Foundation,7956,IfcFooting,FND-022,30.9982,-29.4605,-2.175,0.7433,0.7407,0.85,30.6265,-29.8308,-2.6,31.3698,-29.0901,-1.75
Springfield,Hillside House,Foundation,7955,IfcFooting,FND-013,34.2649,-21.8146,-2.125,1.4242,1.473,0.95,33.5529,-22.5511,-2.6,34.977,-21.0781,-1.65
Springfield,Hillside House,Foundation,7960,IfcFooting,FND-040,27.6106,-25.817,-1.55,1.0837,1.1069,0.5,27.0687,-26.3704,-1.8,28.1524,-25.2636,-1.3
Springfield,Hillside House,Foundation,7971,IfcFooting,FND-023,25.2001,-23.2245,-0.85,2.5,2.6302,0.5,23.95,-24.5396,-1.1,26.4501,-21.9094,-0.6
Springfield,Hillside House,Foundation,7967,IfcFooting,FND-014,32.9848,-20.4378,-1.6,1.9417,2.0296,0.4,32.014,-21.4526,-1.8,33.9557,-19.423,-1.4
Springfield,Hillside House,Foundation,7975,IfcFooting,FND-059,28.6036,-19.5036,-0.5,2.14,2.2482,0.5,27.5336,-20.6277,-0.75,29.6735,-18.3794,-0.25
Springfield,Hillside House,Foundation,7979,IfcFooting,FND-015,30.8637,-18.1565,-1.023,1.4242,1.473,1.546,30.1516,-18.893,-1.796,31.5758,-17.42,-0.25
Springfield,Hillside House,Foundation,7983,IfcFooting,FND-066,32.1042,-24.1718,-1.825,1.6959,1.6959,0.85,31.2563,-25.0198,-2.25,32.9522,-23.3238,-1.4
Springfield,Hillside House,Foundation,7984,IfcFooting,FND-060,30.8204,-21.2486,-1.025,0.4537,0.788,1.55,30.5149,-21.5575,-1.8,30.9686,-20.7695,-0.25
Springfield,Hillside House,Foundation,7991,IfcFooting,FND-046,29.7209,-26.1473,-1.775,1.872,1.7901,0.95,28.7849,-27.0424,-2.25,30.6569,-25.2522,-1.3
Springfield,Hillside House,Foundation,7992,IfcFooting,FND-065,31.3431,-20.7626,-1.55,1.8653,2.1005,0.5,30.4892,-21.898,-1.8,32.3544,-19.7975,-1.3
Springfield,Hillside House,Foundation,8009,IfcFooting,FND-035,28.2456,-29.876,-1.55,2.4269,2.3582,0.5,26.9777,-31.1054,-1.8,29.4046,-28.7472,-1.3
Springfield,Hillside House,Foundation,8006,IfcFooting,FND-061,29.9964,-21.0009,-1.025,1.2071,1.6111,1.55,29.3078,-21.898,-1.8,30.5149,-20.2869,-0.25
Springfield,Hillside House,Foundation,8005,IfcFooting,FND-064,29.695,-21.69,-0.5,1.5883,1.6144,0.5,28.9008,-22.4972,-0.75,30.4892,-20.8828,-0.25
Springfield,Hillside House,Foundation,8019,IfcFooting,FND-069,34.3642,-26.3308,-2.0,0.3187,0.979,0.5,34.2049,-26.8203,-2.25,34.5235,-25.8413,-1.75
Springfield,Hillside House,Foundation,8014,IfcFooting,FND-056,31.3936,-23.2607,-1.55,1.5,1.5386,0.5,30.6436,-24.03,-1.8,32.1436,-22.4914,-1.3
Springfield,Hillside House,Foundation,8018,IfcFooting,FND-057,26.9761,-17.9001,-0.185,0.848,0.848,1.13,26.5521,-18.324,-0.75,27.4001,-17.4761,0.38
Springfield,Hillside House,Foundation,8023,IfcFooting,FND-041,23.5408,-14.2054,-0.185,0.848,0.848,1.13,23.1168,-14.6293,-0.75,23.9648,-13.7814,0.38
Springfield,Hillside House,Foundation,8027,IfcFooting,FND-047,25.2687,-16.0637,-0.185,0.848,0.848,1.13,24.8447,-16.4877,-0.75,25.6927,-15.6397,0.38
Springfield,Hillside House,Foundation,8031,IfcFooting,FND-036,25.4266,-12.452,-0.185,0.848,0.848,1.13,25.0026,-12.8759,-0.75,25.8506,-12.028,0.38
Springfield,Hillside House,Foundation,8035,IfcFooting,FND-024,39.2588,-29.1534,-2.175,2.4058,2.2574,0.85,38.1921,-30.4183,-2.6,40.5978,-28.1609,-1.75
Springfield,Hillside House,Foundation,8036,IfcFooting,FND-025,27.1545,-14.3103,-0.185,0.848,0.848,1.13,26.7305,-14.7343,-0.75,27.5785,-13.8863,0.38
Springfield,Hillside House,Foundation,8046,IfcFooting,FND-016,28.8619,-16.1467,-0.185,0.848,0.848,1.13,28.4379,-16.5707,-0.75,29.2859,-15.7227,0.38
Springfield,Hillside House,Foundation,8050,IfcFooting,FND-042,37.0968,-26.8282,-2.175,2.4058,2.2574,0.85,35.7577,-27.8207,-2.6,38.1635,-25.5633,-1.75
Springfield,Hillside House,Foundation,8054,IfcFooting,FND-037,37.1214,-28.973,-2.175,2.4549,2.6182,0.85,35.7577,-30.4183,-2.6,38.2126,-27.8002,-1.75
Springfield,Hillside House,Foundation,8075,IfcFooting,FND-048,31.4186,-24.5688,-1.55,1.6807,1.9289,0.5,30.6569,-25.6184,-1.8,32.3376,-23.6895,-1.3
Springfield,Hillside House,Foundation,8058,IfcFooting,FND-017,39.2342,-27.0086,-2.175,2.4549,2.6182,0.85,38.1429,-28.1815,-2.6,40.5978,-25.5633,-1.75
Springfield,Hillside House,Foundation,8062,IfcFooting,FND-018,29.8832,-17.1019,-0.5,1.1552,1.5866,0.5,29.3992,-17.7945,-0.75,30.5544,-16.208,-0.25
Springfield,Hillside House,Foundation,8070,IfcFooting,FND-049,28.2059,-17.7193,-0.5,2.4432,3.0226,0.5,26.9843,-19.2306,-0.75,29.4275,-16.208,-0.25
Springfield,Hillside House,Foundation,8066,IfcFooting,FND-038,26.7594,-24.9016,-1.2,1.4242,1.473,1.2,26.0473,-25.6381,-1.8,27.4715,-24.1651,-0.6
Springfield,Hillside House,Foundation,8074,IfcFooting,FND-067,26.1685,-19.7924,-0.5,2.0196,1.4378,0.5,25.1587,-20.5113,-0.75,27.1783,-19.0735,-0.25
Springfield,Hillside House,Foundation,8086,IfcFooting,FND-050,24.5482,-21.3843,-0.5,0.9185,1.2159,0.5,24.0105,-21.9074,-0.75,24.9289,-20.6915,-0.25
Springfield,Hillside House,Foundation,8082,IfcFooting,FND-062,26.1768,-21.1011,-0.5,1.6624,1.5714,0.5,25.5158,-22.057,-0.75,27.1783,-20.4856,-0.25
Springfield,Hillside House,Foundation,8090,IfcFooting,FND-051,25.2222,-21.374,-0.5,0.6392,1.3655,0.5,24.9024,-22.057,-0.75,25.5415,-20.6915,-0.25
Springfield,Hillside House,Foundation,8091,IfcFooting,FND-043,28.2673,-26.5233,-1.55,1.0353,1.0548,0.5,27.7496,-27.0507,-1.8,28.7849,-25.9959,-1.3
Springfield,Hillside House,Foundation,8096,IfcFooting,FND-052,30.0058,-24.551,-1.55,1.694,1.7943,0.5,28.9886,-25.6184,-1.8,30.6826,-23.8241,-1.3
Springfield,Hillside House,Foundation,8095,IfcFooting,FND-026,27.5333,-28.449,-1.55,1.1114,0.6293,0.5,26.9777,-28.7637,-1.8,28.089,-28.1344,-1.3
Springfield,Hillside House,Foundation,8103,IfcFooting,FND-011,36.477,-29.0804,-2.35,3.225,2.6608,0.5,34.8645,-30.4107,-2.6,38.0894,-27.75,-2.1
Springfield,Hillside House,Foundation,8107,IfcFooting,FND-012,36.4716,-26.6312,-2.175,3.2142,2.2941,0.85,34.8645,-27.7782,-2.6,38.0787,-25.4842,-1.75
Springfield,Hillside House,Foundation,8114,IfcFooting,FND-053,25.8709,-18.7527,-0.5,1.2413,0.8633,0.5,25.1587,-19.0992,-0.75,26.4,-18.236,-0.25
Springfield,Hillside House,Foundation,8115,IfcFooting,FND-044,25.0323,-16.7273,-0.5,3.9606,5.0066,0.5,23.0519,-19.2306,-0.75,27.0126,-14.224,-0.25
Springfield,Hillside House,Foundation,8119,IfcFooting,FND-039,21.4911,-16.077,-0.5,3.5528,3.3316,0.5,19.5274,-17.5556,-0.75,23.0802,-14.224,-0.25
Springfield,Hillside House,Foundation,8126,IfcFooting,FND-027,32.8706,-31.4743,-2.35,3.6199,4.2374,0.5,30.967,-33.6936,-2.6,34.5869,-29.4563,-2.1
Springfield,Hillside House,Foundation,8127,IfcFooting,FND-019,36.2328,-23.9311,-2.175,3.5044,3.3359,0.85,34.5742,-25.5125,-2.6,38.0787,-22.1766,-1.75
Springfield,Hillside House,Foundation,8138,IfcFooting,FND-010,36.1368,-31.8508,-2.35,3.5308,3.3112,0.5,34.5586,-33.6936,-2.6,38.0894,-30.3825,-2.1
Springfield,Hillside House,Foundation,8131,IfcFooting,FND-020,31.7949,-19.158,-1.2,1.2437,1.279,1.2,31.173,-19.7975,-1.8,32.4168,-18.5185,-0.6
Springfield,Hillside House,Foundation,8139,IfcFooting,FND-028,21.5231,-19.2698,-0.5,3.804,3.6581,0.5,19.5274,-21.1854,-0.75,23.3314,-17.5273,-0.25
Springfield,Hillside House,Foundation,8140,IfcFooting,FND-029,29.7057,-28.0704,-2.0,2.6472,2.7884,0.5,28.3821,-29.4646,-2.25,31.0293,-26.6762,-1.75
Springfield,Hillside House,Foundation,8153,IfcFooting,FND-030,20.3655,-20.079,-0.05,3.4884,3.7177,0.5,18.6213,-21.9378,-0.3,22.1097,-18.2202,0.2
Springfield,Hillside House,Foundation,8147,IfcFooting,FND-054,30.4514,-22.8054,-1.55,2.9257,2.0889,0.5,28.9886,-23.8498,-1.8,31.9143,-21.7609,-1.3
Springfield,Hillside House,Foundation,8160,IfcFooting,FND-070,34.9805,-26.6999,-2.0,1.1356,1.5342,0.5,34.4978,-27.3755,-2.25,35.6335,-25.8413,-1.75
Springfield,Hillside House,Foundation,8151,IfcFooting,FND-055,32.0569,-28.4761,-2.0,2.2382,1.7901,0.5,31.0293,-29.4563,-2.25,33.2675,-27.6661,-1.75
Springfield,Hillside House,Foundation,8159,IfcFooting,FND-058,32.6963,-27.4446,-2.0,1.1424,0.4944,0.5,32.125,-27.6919,-2.25,33.2675,-27.1974,-1.75
Springfield,Hillside House,Foundation,8161,IfcFooting,FND-063,33.1302,-26.6043,-2.0,1.6698,1.5782,0.5,32.125,-27.2231,-2.25,33.7948,-25.6449,-1.75
Springfield,Hillside House,Foundation,8168,IfcFooting,FND-068,33.9998,-26.2326,-2.0,0.4615,1.1753,0.5,33.7691,-26.8203,-2.25,34.2306,-25.6449,-1.75
Springfield,Hillside House,Foundation,8172,IfcFooting,FND-031,27.2719,-27.507,-1.55,1.5252,1.3884,0.5,26.5638,-28.1509,-1.8,28.089,-26.7625,-1.3
Springfield,Hillside House,Foundation,8179,IfcFooting,FND-032,26.5102,-26.6877,-1.025,0.576,0.5853,1.55,26.2222,-26.9804,-1.8,26.7981,-26.3951,-0.25
Springfield,Hillside House,Foundation,8183,IfcFooting,FND-033,24.4374,-24.4585,-0.5,4.0382,4.3091,0.5,22.4183,-26.613,-0.75,26.4565,-22.3039,-0.25
Springfield,Hillside House,Foundation,8188,IfcFooting,FND-034,22.264,-22.1209,-0.275,0.7773,0.8019,0.95,21.8753,-22.5218,-0.75,22.6526,-21.72,0.2
Springfield,Hillside House,Foundation,8233,IfcFooting,FND-001,13.3784,-15.4865,1.23,0.7066,0.7066,0.65,13.0251,-15.8398,0.905,13.7318,-15.1332,1.555
Springfield,Hillside House,Foundation,8193,IfcFooting,FND-002,14.5392,-14.4072,1.23,0.7066,0.7066,0.65,14.1859,-14.7605,0.905,14.8925,-14.0539,1.555
Springfield,Hillside House,Foundation,8207,IfcFooting,FND-003,15.7,-13.3279,1.23,0.7066,0.7066,0.65,15.3467,-13.6813,0.905,16.0533,-12.9746,1.555
Springfield,Hillside House,Foundation,8202,IfcFooting,FND-004,14.7982,-17.0134,0.93,0.7066,0.7066,0.65,14.4448,-17.3667,0.605,15.1515,-16.6601,1.255
Springfield,Hillside House,Foundation,8208,IfcFooting,FND-005,15.9589,-15.9342,0.93,0.7066,0.7066,0.65,15.6056,-16.2875,0.605,16.3123,-15.5808,1.255
Springfield,Hillside House,Foundation,8213,IfcFooting,FND-006,17.1197,-14.8549,0.93,0.7066,0.7066,0.65,16.7664,-15.2082,0.605,17.473,-14.5016,1.255
Springfield,Hillside House,Foundation,8218,IfcFooting,FND-007,16.2179,-18.5404,0.48,0.7066,0.7066,0.65,15.8646,-18.8937,0.155,16.5712,-18.1871,0.805
Springfield,Hillside House,Foundation,8223,IfcFooting,FND-008,17.3787,-17.4611,0.48,0.7066,0.7066,0.65,17.0254,-17.8144,0.155,17.732,-17.1078,0.805
Springfield,Hillside House,Foundation,8228,IfcFooting,FND-009,18.6741,-17.0076,0.495,1.7371,1.6548,0.65,17.8056,-17.835,0.17,19.5426,-16.1802,0.82
Springfield,Hillside House,Footing,8268,IfcFooting,FTG-022,31.4557,-23.3054,-0.6575,1.728,1.8052,1.285,30.5917,-24.208,-1.3,32.3197,-22.4028,-0.015
Springfield,Hillside House,Footing,9294,IfcFooting,FTG-033,18.8406,-18.439,0.575,0.3141,0.3218,0.75,18.6835,-18.5999,0.2,18.9977,-18.2781,0.95
Springfield,Hillside House,Footing,9305,IfcFooting,FTG-034,28.2476,-29.8781,-1.175,2.2485,2.3001,0.25,27.0978,-31.0517,-1.3,29.3463,-28.7516,-1.05
Springfield,Hillside House,Footing,9300,IfcFooting,FTG-035,27.5333,-28.449,-1.175,0.8711,0.6205,0.25,27.0978,-28.7593,-1.3,27.9689,-28.1388,-1.05
Springfield,Hillside House,Footing,9363,IfcFooting,FTG-036,20.9434,-20.7006,0.31,3.294,3.5268,0.22,19.2964,-22.4639,0.2,22.5904,-18.9372,0.42
Springfield,Hillside House,Footing,9310,IfcFooting,FTG-037,19.2492,-18.8784,0.3983,0.3141,0.3218,0.3967,19.0921,-19.0393,0.2,19.4062,-18.7175,0.5967
Springfield,Hillside House,Footing,9328,IfcFooting,FTG-038,19.0449,-18.6587,0.4867,0.3141,0.3218,0.5733,18.8878,-18.8196,0.2,19.202,-18.4978,0.7733
Springfield,Hillside House,Footing,9319,IfcFooting,FTG-039,22.6376,-22.5227,0.01,0.3141,0.3218,0.52,22.4805,-22.6837,-0.25,22.7947,-22.3618,0.27
Springfield,Hillside House,Footing,9324,IfcFooting,FTG-040,22.8419,-22.7424,-0.065,0.3141,0.3218,0.37,22.6848,-22.9034,-0.25,22.999,-22.5815,0.12
Springfield,Hillside House,Footing,9334,IfcFooting,FTG-041,24.8125,-24.8619,-0.14,3.8468,4.1213,0.22,22.8891,-26.9225,-0.25,26.7359,-22.8012,-0.03
Springfield,Hillside House,Footing,9335,IfcFooting,FTG-042,26.7831,-26.9813,-0.75,0.3141,0.3218,1.1,26.626,-27.1422,-1.3,26.9402,-26.8204,-0.2
Springfield,Hillside House,Footing,9349,IfcFooting,FTG-043,26.9874,-27.201,-0.835,0.3141,0.3218,0.93,26.8303,-27.3619,-1.3,27.1444,-27.0401,-0.37
Springfield,Hillside House,Footing,9344,IfcFooting,FTG-044,27.1916,-27.4207,-0.92,0.3141,0.3218,0.76,27.0346,-27.5816,-1.3,27.3487,-27.2598,-0.54
Springfield,Hillside House,Footing,9351,IfcFooting,FTG-045,27.3959,-27.6404,-1.005,0.3141,0.3218,0.59,27.2389,-27.8013,-1.3,27.553,-27.4795,-0.71
Springfield,Hillside House,Footing,9350,IfcFooting,FTG-046,27.6002,-27.8601,-1.09,0.3141,0.3218,0.42,27.4431,-28.021,-1.3,27.7573,-27.6992,-0.88
Springfield,Hillside House,Footing,9377,IfcFooting,FTG-047,27.7826,-28.0563,-1.175,0.3215,0.2276,0.25,27.6474,-28.1465,-1.3,27.9689,-27.9189,-1.05
Springfield,Hillside House,Ground Floor,9606,IfcWallStandardCase,WAL-I-012,31.2605,-23.5213,-0.6525,1.3861,1.4822,1.275,30.5675,-24.2624,-1.29,31.9535,-22.7802,-0.015
Springfield,Hillside House,Ground Floor,9674,IfcDoor,DOR-010,27.1757,-25.485,0.9619,1.3583,1.4118,2.55,26.4397,-26.0363,0.0,27.798,-24.6246,2.55
Springfield,Hillside House,Ground Floor,9740,IfcWindow,WDW-001,28.235,-26.5047,1.6995,0.6847,0.6862,1.505,27.8796,-26.86,1.045,28.5643,-26.1738,2.55
Springfield,Hillside House,Ground Floor,9710,IfcDiscreteAccessory,STL-023,26.2623,-26.4212,2.1152,0.0199,0.02,4.2903,26.2523,-26.4311,-0.03,26.2722,-26.4112,4.2603
Springfield,Hillside House,Ground Floor,9733,IfcWall,WAL-E-006,30.2463,-28.8555,0.3192,2.5447,2.5229,2.955,28.7528,-29.8027,-1.29,31.2975,-27.2799,1.665
Springfield,Hillside House,Ground Floor,9860,IfcDoor,DOR-011,30.1677,-28.7945,0.0501,3.0535,3.6051,2.4,28.7454,-30.7079,-1.05,31.7989,-27.1028,1.35
Springfield,Hillside House,Ground Floor,9776,IfcWall,WAL-I-021,30.7512,-21.6189,0.1452,0.8345,0.7908,0.2924,30.4618,-21.9498,0.0,31.2963,-21.159,0.2924
Springfield,Hillside House,Ground Floor,9924,IfcWall,WAL-I-004,27.8779,-21.3372,1.6435,1.5561,1.6629,3.9923,27.0582,-22.1238,-0.015,28.6143,-20.4609,3.9773
Springfield,Hillside House,Ground Floor,9951,IfcDoor,DOR-004,28.0674,-21.4308,1.0003,0.6508,0.6909,2.1,27.4756,-21.4873,0.0,28.1264,-20.7965,2.1
Springfield,Hillside House,Ground Floor,9984,IfcWallStandardCase,WAL-I-013,30.1649,-24.5909,-0.6525,1.4869,1.5394,1.275,29.447,-25.3608,-1.29,30.9339,-23.8215,-0.015
Springfield,Hillside House,Ground Floor,9994,IfcWall,WAL-I-035,26.5554,-20.9282,1.3917,1.6207,1.5168,3.7725,25.5108,-21.9045,-0.014,27.1314,-20.3877,3.7585
Springfield,Hillside House,Ground Floor,10044,IfcWindow,WDW-008,21.6493,-19.5683,1.7487,2.0331,2.4885,1.505,20.6096,-20.8431,1.045,22.6427,-18.3546,2.55
Springfield,Hillside House,Ground Floor,10054,IfcWindow,WDW-008,23.7459,-21.8233,1.7487,2.0331,2.4885,1.505,22.7062,-23.0981,1.045,24.7393,-20.6096,2.55
Springfield,Hillside House,Ground Floor,10112,IfcWall,WAL-E-008,36.3114,-31.8554,0.0878,3.7066,3.487,3.415,34.3996,-33.6363,-1.75,38.1061,-30.1493,1.665
Springfield,Hillside House,Ground Floor,10132,IfcWindow,WDW-001,37.3406,-30.8599,-0.7785,1.5724,1.1886,2.4,36.5762,-31.5065,-1.5,38.1485,-30.318,0.9
Springfield,Hillside House,Ground Floor,10187,IfcWindow,WDW-009,35.6036,-32.6149,-0.4693,2.1841,2.3605,2.4,34.7121,-33.5228,-1.5,36.8962,-31.1623,0.9
Springfield,Hillside House,Ground Floor,10194,IfcWall,WAL-E-019,36.296,-28.5671,-0.06,3.0235,2.9357,3.405,35.0758,-30.3401,-1.74,38.0993,-27.4044,1.665
Springfield,Hillside House,Ground Floor,10235,IfcWindow,WDW-001,37.0922,-29.4519,-0.52,2.1419,1.9334,2.4,36.0067,-30.3421,-1.5,38.1485,-28.4087,0.9
Springfield,Hillside House,Ground Floor,10242,IfcWall,WAL-E-020,36.9196,-26.3584,0.0993,2.7252,2.3567,2.955,35.2589,-27.7046,-1.29,37.9841,-25.348,1.665
Springfield,Hillside House,Ground Floor,10295,IfcWindow,WDW-006,36.6607,-26.4656,0.3054,1.4186,1.3656,1.055,35.9635,-27.1614,-0.155,37.3821,-25.7958,0.9
Springfield,Hillside House,Ground Floor,10369,IfcWindow,WDW-003,28.8768,-17.0805,1.8701,0.7594,0.7528,1.205,28.4849,-17.4439,1.345,29.2444,-16.6911,2.55
Springfield,Hillside House,Ground Floor,10399,IfcDoor,DOR-006,28.0915,-17.7003,1.3856,1.0456,1.0178,2.1,27.381,-18.4697,0.45,28.4266,-17.4519,2.55
Springfield,Hillside House,Ground Floor,10421,IfcWall,WAL-I-033,23.9921,-17.9846,1.8922,3.0341,2.831,2.9822,22.122,-19.7284,0.435,25.1561,-16.8974,3.4172
Springfield,Hillside House,Ground Floor,10428,IfcDoor,DOR-004,24.5562,-17.4222,1.4654,0.7272,0.6861,2.1,24.4289,-17.5834,0.45,25.1561,-16.8974,2.55
Springfield,Hillside House,Ground Floor,10447,IfcWall,WAL-I-002,25.4073,-18.68,1.4916,2.7297,2.9252,3.3235,24.4018,-20.529,0.435,27.1314,-17.6039,3.7585
Springfield,Hillside House,Ground Floor,10461,IfcDoor,DOR-004,25.3496,-18.6586,1.4654,0.6861,0.7272,2.1,24.8248,-18.786,0.45,25.5108,-18.0588,2.55
Springfield,Hillside House,Ground Floor,10466,IfcWall,WAL-I-005,28.9779,-21.7859,3.1931,0.7272,0.6861,1.5949,28.6143,-22.129,2.4,29.3415,-21.4429,3.9949
Springfield,Hillside House,Ground Floor,10504,IfcDoor,DOR-005,28.7416,-21.9677,1.0348,0.7272,0.6861,2.4,28.6143,-22.129,0.0,29.3415,-21.4429,2.4
Springfield,Hillside House,Ground Floor,10495,IfcWall,WAL-I-007,26.2086,-22.6552,1.4073,1.5561,1.6629,3.9923,25.5056,-23.5674,-0.015,27.0617,-21.9045,3.9773
Springfield,Hillside House,Ground Floor,10511,IfcWall,WAL-I-001,24.5658,-21.5492,1.8302,0.8004,0.7542,3.6948,24.1656,-21.9263,-0.015,24.966,-21.1721,3.6798
Springfield,Hillside House,Ground Floor,10518,IfcWall,WAL-I-003,29.148,-20.3535,2.4921,2.3732,2.5417,3.5185,27.4809,-21.1076,0.45,29.8541,-18.5659,3.9685
Springfield,Hillside House,Ground Floor,10516,IfcWall,WAL-I-006,30.0585,-20.7841,1.7555,0.8737,0.8223,3.5599,29.7128,-21.1076,0.435,30.5865,-20.2853,3.9949
Springfield,Hillside House,Ground Floor,10546,IfcDoor,DOR-003,30.337,-20.4844,1.4654,0.654,0.618,2.1,29.8446,-20.985,0.45,30.4986,-20.367,2.55
Springfield,Hillside House,Ground Floor,10558,IfcWall,WAL-I-011,31.8331,-22.2868,1.4122,0.8737,0.8223,5.4674,31.2864,-22.8,-1.065,32.1601,-21.9778,4.4024
Springfield,Hillside House,Ground Floor,10553,IfcWall,WAL-I-016,33.4323,-22.9696,-0.133,1.8843,1.7619,2.53,32.4416,-23.8956,-1.065,34.326,-22.1337,1.465
Springfield,Hillside House,Ground Floor,10611,IfcDoor,DOR-003,33.63,-22.8114,0.1199,0.8073,0.7643,2.137,33.061,-23.3217,-1.05,33.8683,-22.5574,1.087
Springfield,Hillside House,Ground Floor,10599,IfcWall,WAL-I-008,31.4094,-20.8677,0.7681,1.2252,1.1491,5.2343,31.1187,-21.151,-1.065,32.3439,-20.0019,4.1693
Springfield,Hillside House,Ground Floor,10600,IfcWall,WAL-I-036,29.2365,-24.1495,1.5477,2.6267,2.8144,4.6711,27.9354,-25.5698,-0.015,30.5621,-22.7554,4.6561
Springfield,Hillside House,Ground Floor,10612,IfcWallStandardCase,WAL-I-037,29.7709,-26.3397,0.2,1.6401,1.5398,2.53,28.9509,-27.1096,-1.065,30.591,-25.5698,1.465
Springfield,Hillside House,Ground Floor,10617,IfcWall,WAL-I-017,29.1199,-25.2724,1.4795,1.0934,1.0265,4.4772,28.7197,-25.6494,-0.015,29.813,-24.6229,4.4622
Springfield,Hillside House,Ground Floor,10618,IfcWall,WAL-I-018,28.6031,-25.3774,2.2024,0.3797,0.3977,4.4446,28.4132,-25.5762,0.0,28.7929,-25.1786,4.4446
Springfield,Hillside House,Ground Floor,10619,IfcWall,WAL-I-019,28.1525,-25.5573,1.6185,0.654,0.618,4.3828,27.8274,-25.8646,0.0,28.4813,-25.2466,4.3828
Springfield,Hillside House,Ground Floor,10673,IfcDoor,DOR-002,28.3373,-25.4234,1.0154,0.6174,0.5839,2.1,27.842,-25.851,0.0,28.4594,-25.2671,2.1
Springfield,Hillside House,Ground Floor,10656,IfcWall,WAL-I-020,30.2932,-22.0991,2.0922,0.5415,0.5184,4.1977,30.0224,-22.3583,0.0,30.5639,-21.8399,4.1977
Springfield,Hillside House,Ground Floor,10658,IfcColumn,COL-I-001,29.5101,-21.257,0.765,0.5415,0.5183,2.03,29.2393,-21.5161,-0.25,29.7808,-20.9978,1.78
Springfield,Hillside House,Ground Floor,10659,IfcColumn,COL-I-002,32.1657,-24.1131,0.1875,0.5415,0.5184,2.955,31.8949,-24.3723,-1.29,32.4364,-23.8539,1.665
Springfield,Hillside House,Ground Floor,10701,IfcSlab,SLB-0-006,24.6015,-19.3223,0.15,7.0693,7.2443,0.6,19.9941,-21.8531,-0.15,27.0633,-14.6088,0.45
Springfield,Hillside House,Ground Floor,10778,IfcColumn,COL-P-005,16.2181,-18.5405,1.2425,0.1413,0.1413,0.875,16.1474,-18.6112,0.805,16.2887,-18.4699,1.68
Springfield,Hillside House,Ground Floor,10961,IfcWindow,WDW-002,33.7011,-21.26,1.2113,0.7528,0.7594,0.605,33.3377,-21.6276,0.945,34.0905,-20.8681,1.55
Springfield,Hillside House,Ground Floor,10966,IfcWindow,WDW-005,25.4792,-23.6542,1.7375,1.3522,1.7561,1.505,24.7966,-24.6141,1.045,26.1488,-22.8579,2.55
Springfield,Hillside House,Ground Floor,10975,IfcWall,WAL-I-014,30.7161,-25.4609,-0.3612,0.445,0.4288,1.05,30.4888,-25.6797,-1.065,30.9339,-25.2509,-0.015
Springfield,Hillside House,Ground Floor,10969,IfcWall,WAL-I-010,31.478,-21.3908,1.2127,0.9733,1.0362,5.4498,31.1187,-22.0459,-1.065,32.092,-21.0097,4.3848
Springfield,Hillside House,Ground Floor,10980,IfcWall,WAL-I-009,30.8185,-20.6816,2.2497,0.6106,0.646,3.6991,30.5132,-21.0046,0.435,31.1238,-20.3585,4.1341
Springfield,Hillside House,Ground Floor,10985,IfcBeam,BEM-P-026,16.9581,-15.643,1.73,0.6728,0.7183,0.1,16.6217,-16.0021,1.68,17.2945,-15.2839,1.78
Springfield,Hillside House,Ground Floor,10979,IfcBeam,RBM-010,28.8593,-27.0849,1.95,0.3874,0.3899,1.2,28.6657,-27.2799,1.35,29.053,-26.8899,2.55
Springfield,Hillside House,Ground Floor,11047,IfcColumn,COL-E-025,18.8058,-18.4236,2.041,0.2581,0.2648,2.193,18.6767,-18.556,0.95,18.9348,-18.2912,3.1429
Springfield,Hillside House,Ground Floor,10987,IfcColumn,COL-E-001,19.2487,-18.8779,1.8894,0.1439,0.1388,2.5,19.1768,-18.9473,0.6394,19.3207,-18.8086,3.1394
Springfield,Hillside House,Ground Floor,11000,IfcColumn,COL-E-002,19.7254,-19.3906,1.8413,0.1439,0.1388,2.7427,19.6534,-19.46,0.47,19.7973,-19.3212,3.2127
Springfield,Hillside House,Ground Floor,11007,IfcColumn,COL-E-003,21.0872,-20.8553,1.9288,0.1439,0.1388,2.9177,21.0153,-20.9247,0.47,21.1592,-20.7859,3.3876
Springfield,Hillside House,Ground Floor,11006,IfcColumn,COL-E-004,21.632,-21.4412,1.9638,0.1439,0.1388,2.9876,21.56,-21.5105,0.47,21.7039,-21.3718,3.4576
Springfield,Hillside House,Ground Floor,11011,IfcColumn,COL-E-005,27.8625,-28.1422,1.7648,0.1779,0.1754,5.5296,27.7735,-28.2299,-1.0,27.9514,-28.0545,4.5296
Springfield,Hillside House,Ground Floor,11017,IfcColumn,COL-E-006,27.6582,-27.9225,1.8322,0.1779,0.1754,5.3245,27.5692,-28.0102,-0.83,27.7472,-27.8348,4.4944
Springfield,Hillside House,Ground Floor,11026,IfcColumn,COL-E-007,27.3858,-27.6295,1.8905,0.1779,0.1754,5.101,27.2969,-27.7172,-0.66,27.4748,-27.5418,4.441
Springfield,Hillside House,Ground Floor,11032,IfcColumn,COL-E-008,26.773,-26.9704,2.1128,0.1779,0.1754,4.4856,26.684,-27.0581,-0.13,26.862,-26.8827,4.3556
Springfield,Hillside House,Ground Floor,11034,IfcColumn,COL-E-009,26.5347,-26.7141,2.1556,0.1779,0.1754,4.2713,26.4457,-26.8018,0.02,26.6236,-26.6264,4.2913
Springfield,Hillside House,Ground Floor,11050,IfcColumn,COL-E-010,25.9899,-26.1282,2.0822,0.1779,0.1754,4.1243,25.9009,-26.2159,0.02,26.0789,-26.0405,4.1443
Springfield,Hillside House,Ground Floor,11043,IfcColumn,COL-E-011,25.4111,-25.5057,2.0041,0.1779,0.1754,3.9682,25.3222,-25.5934,0.02,25.5001,-25.418,3.9882
Springfield,Hillside House,Ground Floor,11055,IfcColumn,COL-E-012,24.3557,-24.3706,1.9138,0.1779,0.1754,3.7876,24.2667,-24.4583,0.02,24.4447,-24.2829,3.8076
Springfield,Hillside House,Ground Floor,11081,IfcColumn,COL-E-013,23.7769,-23.7481,1.8771,0.1779,0.1754,3.7142,23.6879,-23.8358,0.02,23.8659,-23.6604,3.7342
Springfield,Hillside House,Ground Floor,11053,IfcColumn,COL-E-014,23.2322,-23.1622,1.8416,0.1779,0.1754,3.6432,23.1432,-23.2499,0.02,23.3211,-23.0745,3.6632
Springfield,Hillside House,Ground Floor,11130,IfcColumn,COL-E-015,21.9044,-21.7341,1.9813,0.1779,0.1754,3.0226,21.8154,-21.8218,0.47,21.9933,-21.6464,3.4926
Springfield,Hillside House,Ground Floor,11063,IfcColumn,COL-E-016,19.453,-19.0976,1.8238,0.1779,0.1754,2.7077,19.364,-19.1853,0.47,19.542,-19.01,3.1777
Springfield,Hillside House,Ground Floor,11072,IfcColumn,COL-E-017,21.3256,-21.1116,1.9441,0.1609,0.1571,2.9483,21.2451,-21.1901,0.47,21.406,-21.0331,3.4183
Springfield,Hillside House,Ground Floor,11073,IfcColumn,COL-E-018,22.9938,-22.9059,1.8263,0.1609,0.1571,3.6126,22.9134,-22.9844,0.02,23.0743,-22.8273,3.6326
Springfield,Hillside House,Ground Floor,11075,IfcColumn,COL-E-019,23.4364,-23.3819,1.8547,0.1609,0.1571,3.6695,23.356,-23.4604,0.02,23.5169,-23.3034,3.6895
Springfield,Hillside House,Ground Floor,11085,IfcColumn,COL-E-020,23.9812,-23.9678,1.8897,0.1609,0.1571,3.7395,23.9007,-24.0463,0.02,24.0616,-23.8892,3.7595
Springfield,Hillside House,Ground Floor,11092,IfcColumn,COL-E-021,24.9004,-24.9564,1.9489,0.1609,0.1571,3.8579,24.82,-25.035,0.02,24.9809,-24.8779,3.8779
Springfield,Hillside House,Ground Floor,11093,IfcColumn,COL-E-022,25.0707,-25.1395,1.9581,0.1609,0.1571,3.8763,24.9902,-25.2181,0.02,25.1511,-25.061,3.8963
Springfield,Hillside House,Ground Floor,11103,IfcColumn,COL-E-023,25.7176,-25.8353,2.0454,0.1609,0.1571,4.0509,25.6371,-25.9138,0.02,25.798,-25.7567,4.0708
Springfield,Hillside House,Ground Floor,11104,IfcColumn,COL-E-024,26.2623,-26.4212,2.1189,0.1609,0.1571,4.1978,26.1818,-26.4997,0.02,26.3428,-26.3426,4.2178
Springfield,Hillside House,Ground Floor,11113,IfcBeam,BEM-P-025,16.5305,-14.2211,1.73,2.4875,2.67,0.1,15.2867,-15.5561,1.68,17.7742,-12.8862,1.78
Springfield,Hillside House,Ground Floor,11116,IfcSlab,SLB-0-003,21.3974,-20.2784,0.295,3.9824,4.1668,0.25,19.4062,-22.3618,0.17,23.3887,-18.195,0.42
Springfield,Hillside House,Ground Floor,11126,IfcSlab,SLB-0-004,25.1644,-24.3298,-0.155,4.3309,4.5416,0.25,22.999,-26.6007,-0.28,27.3299,-22.059,-0.03
Springfield,Hillside House,Ground Floor,11129,IfcSlab,SLB-0-005,28.6186,-28.7522,-1.175,3.4858,3.7715,0.25,27.3098,-30.9409,-1.3,30.7955,-27.1694,-1.05
Springfield,Hillside House,Ground Floor,11138,IfcSlab,SLB-0-002,20.2637,-16.254,0.825,4.4708,4.2524,0.25,18.0283,-18.3802,0.7,22.4991,-14.1278,0.95
Springfield,Hillside House,Ground Floor,11135,IfcSlab,SLB-0-018,38.0381,-27.9397,-1.655,4.7656,4.7872,0.25,35.6553,-30.3333,-1.78,40.4209,-25.5461,-1.53
Springfield,Hillside House,Ground Floor,11144,IfcBeam,RBM-021,34.3154,-22.012,1.45,0.3874,0.3899,0.2,34.1217,-22.2069,1.35,34.509,-21.817,1.55
Springfield,Hillside House,Ground Floor,11211,IfcDiscreteAccessory,STL-001,19.2487,-18.8779,1.8897,0.0199,0.02,2.6006,19.2388,-18.8879,0.5894,19.2587,-18.8679,3.19
Springfield,Hillside House,Ground Floor,11248,IfcDiscreteAccessory,STL-002,19.7254,-19.3906,1.84,0.0199,0.02,2.84,19.7154,-19.4006,0.42,19.7353,-19.3806,3.26
Springfield,Hillside House,Ground Floor,11230,IfcDiscreteAccessory,STL-003,21.0872,-20.8553,1.925,0.0199,0.02,3.01,21.0773,-20.8653,0.42,21.0972,-20.8453,3.43
Springfield,Hillside House,Ground Floor,11221,IfcDiscreteAccessory,STL-004,21.632,-21.4412,1.9583,0.0199,0.02,3.0766,21.622,-21.4512,0.42,21.6419,-21.4312,3.4966
Springfield,Hillside House,Ground Floor,11222,IfcDiscreteAccessory,STL-005,27.8625,-28.1422,1.8163,0.0199,0.02,5.7325,27.8525,-28.1522,-1.05,27.8724,-28.1322,4.6825
Springfield,Hillside House,Ground Floor,11232,IfcDiscreteAccessory,STL-006,27.6582,-27.9225,1.8709,0.0199,0.02,5.5018,27.6482,-27.9325,-0.88,27.6681,-27.9125,4.6218
Springfield,Hillside House,Ground Floor,11236,IfcDiscreteAccessory,STL-007,27.3858,-27.6295,1.9276,0.0199,0.02,5.2751,27.3759,-27.6395,-0.71,27.3958,-27.6195,4.5651
Springfield,Hillside House,Ground Floor,11242,IfcDiscreteAccessory,STL-008,26.773,-26.9704,2.0963,0.0199,0.02,4.5926,26.763,-26.9804,-0.2,26.7829,-26.9604,4.3926
Springfield,Hillside House,Ground Floor,11243,IfcDiscreteAccessory,STL-009,26.5347,-26.7141,2.1504,0.0199,0.02,4.3609,26.5247,-26.7241,-0.03,26.5446,-26.7041,4.3308
Springfield,Hillside House,Ground Floor,11268,IfcDiscreteAccessory,STL-010,25.9899,-26.1282,2.0799,0.0199,0.02,4.2198,25.98,-26.1382,-0.03,25.9999,-26.1182,4.1898
Springfield,Hillside House,Ground Floor,11253,IfcDiscreteAccessory,STL-011,25.4111,-25.5057,2.0049,0.0199,0.02,4.0699,25.4012,-25.5157,-0.03,25.4211,-25.4957,4.0399
Springfield,Hillside House,Ground Floor,11283,IfcDiscreteAccessory,STL-012,24.3557,-24.3706,1.9082,0.0199,0.02,3.8765,24.3457,-24.3806,-0.03,24.3656,-24.3606,3.8465
Springfield,Hillside House,Ground Floor,11258,IfcDiscreteAccessory,STL-013,23.7769,-23.7481,1.8711,0.0199,0.02,3.8022,23.767,-23.7581,-0.03,23.7869,-23.7381,3.7721
Springfield,Hillside House,Ground Floor,11267,IfcDiscreteAccessory,STL-014,23.2322,-23.1622,1.8361,0.0199,0.02,3.7322,23.2222,-23.1722,-0.03,23.2421,-23.1522,3.7022
Springfield,Hillside House,Ground Floor,11282,IfcDiscreteAccessory,STL-015,21.9044,-21.7341,1.9762,0.0199,0.02,3.1124,21.8944,-21.7441,0.42,21.9143,-21.7241,3.5324
Springfield,Hillside House,Ground Floor,11281,IfcDiscreteAccessory,STL-024,19.453,-19.0976,1.825,0.0199,0.02,2.81,19.4431,-19.1076,0.42,19.463,-19.0876,3.23
Springfield,Hillside House,Ground Floor,11292,IfcDiscreteAccessory,STL-016,21.3256,-21.1116,1.9386,0.0199,0.02,3.0372,21.3156,-21.1216,0.42,21.3355,-21.1016,3.4572
Springfield,Hillside House,Ground Floor,11293,IfcDiscreteAccessory,STL-017,22.9938,-22.9059,1.8208,0.0199,0.02,3.7015,22.9839,-22.9159,-0.03,23.0038,-22.8959,3.6715
Springfield,Hillside House,Ground Floor,11298,IfcDiscreteAccessory,STL-018,23.4364,-23.3819,1.8513,0.0199,0.02,3.7627,23.4265,-23.3919,-0.03,23.4464,-23.3719,3.7327
Springfield,Hillside House,Ground Floor,11303,IfcDiscreteAccessory,STL-019,23.9812,-23.9678,1.8865,0.0199,0.02,3.8329,23.9712,-23.9778,-0.03,23.9911,-23.9578,3.8029
Springfield,Hillside House,Ground Floor,11308,IfcDiscreteAccessory,STL-020,24.9004,-24.9564,1.9432,0.0199,0.02,3.9465,24.8905,-24.9664,-0.03,24.9104,-24.9465,3.9165
Springfield,Hillside House,Ground Floor,11313,IfcDiscreteAccessory,STL-021,25.0707,-25.1395,1.9678,0.0199,0.02,3.9956,25.0607,-25.1495,-0.03,25.0806,-25.1295,3.9656
Springfield,Hillside House,Ground Floor,11325,IfcDiscreteAccessory,STL-022,25.7176,-25.8353,2.0446,0.0199,0.02,4.1493,25.7076,-25.8453,-0.03,25.7275,-25.8253,4.1193
Springfield,Hillside House,Ground Floor,11320,IfcWall,WAL-I-015,31.954,-23.3713,0.3472,1.1552,1.2318,2.53,31.3545,-23.9637,-1.065,32.5097,-22.7319,1.465
Springfield,Hillside House,Ground Floor,11350,IfcColumn,COL-P-001,38.1534,-25.8462,0.075,0.212,0.212,3.11,38.0474,-25.9522,-1.48,38.2594,-25.7402,1.63
Springfield,Hillside House,Ground Floor,11343,IfcColumn,COL-P-002,40.3149,-28.1709,0.075,0.212,0.212,3.11,40.2089,-28.2769,-1.48,40.4209,-28.0649,1.63
Springfield,Hillside House,Ground Floor,11344,IfcColumn,COL-P-003,36.0442,-27.8072,0.075,0.212,0.212,3.11,35.9382,-27.9132,-1.48,36.1502,-27.7012,1.63
Springfield,Hillside House,Ground Floor,11349,IfcColumn,COL-P-004,38.2057,-30.1319,0.075,0.212,0.212,3.11,38.0997,-30.2379,-1.48,38.3117,-30.0259,1.63
Springfield,Hillside House,Ground Floor,11365,IfcBeam,PRG-001,37.125,-28.9696,1.705,2.1692,2.317,0.15,36.0404,-30.1281,1.63,38.2096,-27.8111,1.78
Springfield,Hillside House,Ground Floor,11447,IfcBeam,PRG-002,39.2603,-29.1514,1.705,2.3212,2.1731,0.15,38.0997,-30.2379,1.63,40.4209,-28.0649,1.78
Springfield,Hillside House,Ground Floor,11382,IfcBeam,PRG-003,39.2342,-27.0085,1.705,2.1692,2.317,0.15,38.1496,-28.167,1.63,40.3187,-25.85,1.78
Springfield,Hillside House,Ground Floor,11361,IfcBeam,PRG-007,37.0988,-26.8267,1.705,2.3212,2.1731,0.15,35.9382,-27.9132,1.63,38.2594,-25.7402,1.78
Springfield,Hillside House,Ground Floor,11369,IfcBeam,PRG-009,37.0988,-26.8267,4.8569,2.3212,2.1731,0.15,35.9382,-27.9132,4.7819,38.2594,-25.7402,4.9319
Springfield,Hillside House,Ground Floor,11373,IfcBeam,PRG-006,38.4206,-28.6008,1.705,1.3355,1.4204,0.15,37.7529,-29.311,1.63,39.0884,-27.8906,1.78
Springfield,Hillside House,Ground Floor,11377,IfcBeam,PRG-005,37.3399,-27.4384,1.705,0.8414,0.8889,0.15,36.9192,-27.8829,1.63,37.7606,-26.994,1.78
Springfield,Hillside House,Ground Floor,11381,IfcBeam,PRG-004,37.9325,-27.7233,1.705,2.1015,1.9688,0.15,36.8818,-28.7077,1.63,38.9832,-26.7389,1.78
Springfield,Hillside House,Ground Floor,11391,IfcColumn,COL-P-009,27.0227,-18.1383,2.2335,0.212,0.212,3.5271,26.9167,-18.2443,0.47,27.1287,-18.0323,3.9971
Springfield,Hillside House,Ground Floor,11386,IfcColumn,COL-P-010,25.1753,-16.1514,2.1217,0.212,0.212,3.3034,25.0693,-16.2574,0.47,25.2813,-16.0454,3.7734
Springfield,Hillside House,Ground Floor,11396,IfcColumn,COL-P-011,23.3278,-14.1644,2.003,0.212,0.212,3.066,23.2219,-14.2704,0.47,23.4338,-14.0584,3.536
Springfield,Hillside House,Ground Floor,11401,IfcColumn,COL-P-012,29.1488,-16.1615,2.2335,0.212,0.212,3.5271,29.0428,-16.2675,0.47,29.2548,-16.0555,3.9971
Springfield,Hillside House,Ground Floor,11410,IfcColumn,COL-P-013,27.3014,-14.1746,2.1217,0.212,0.212,3.3034,27.1954,-14.2806,0.47,27.4074,-14.0686,3.7734
Springfield,Hillside House,Ground Floor,11411,IfcColumn,COL-P-014,25.4539,-12.1876,2.003,0.212,0.212,3.066,25.3479,-12.2936,0.47,25.5599,-12.0816,3.536
Springfield,Hillside House,Ground Floor,11417,IfcBeam,PRG-012,27.3014,-14.1746,3.8416,3.7026,3.9662,0.6122,25.4501,-16.1577,3.5355,29.1527,-12.1915,4.1477
Springfield,Hillside House,Ground Floor,11422,IfcBeam,PRG-024,28.0858,-17.1499,4.0721,2.3381,2.1888,0.15,26.9167,-18.2443,3.9971,29.2548,-16.0555,4.1471
Springfield,Hillside House,Ground Floor,11421,IfcBeam,PRG-025,24.3909,-13.176,3.611,2.3381,2.1888,0.15,23.2219,-14.2704,3.536,25.5599,-12.0816,3.686
Springfield,Hillside House,Ground Floor,11426,IfcBeam,PRG-026,26.2383,-15.163,3.8484,2.1184,1.9845,0.15,25.1791,-16.1552,3.7734,27.2975,-14.1707,3.9234
Springfield,Hillside House,Ground Floor,11429,IfcBeam,PRG-013,25.1753,-16.1514,3.8416,3.7026,3.9662,0.6122,23.324,-18.1345,3.5355,27.0266,-14.1683,4.1477
Springfield,Hillside House,Ground Floor,11437,IfcSlab,SLB-0-014,25.9472,-14.9063,0.295,6.8886,7.0726,0.25,22.5029,-18.4426,0.17,29.3915,-11.37,0.42
Springfield,Hillside House,Ground Floor,11433,IfcBeam,PRG-027,27.8747,-16.9229,4.0578,2.0849,1.9485,0.129,26.8323,-17.8971,3.9933,28.9171,-15.9487,4.1223
Springfield,Hillside House,Ground Floor,11650,IfcBeam,PRG-028,27.6704,-16.7032,4.0308,2.0849,1.9485,0.129,26.628,-17.6774,3.9663,28.7128,-15.729,4.0953
Springfield,Hillside House,Ground Floor,11934,IfcBeam,PRG-029,27.4661,-16.4835,4.0039,2.0849,1.9485,0.129,26.4237,-17.4577,3.9393,28.5086,-15.5093,4.0684
Springfield,Hillside House,Ground Floor,12006,IfcBeam,PRG-030,27.2618,-16.2638,3.9769,2.0849,1.9485,0.129,26.2194,-17.238,3.9124,28.3043,-15.2896,4.0414
Springfield,Hillside House,Ground Floor,12233,IfcBeam,PRG-031,27.0576,-16.0441,3.9499,2.0849,1.9485,0.129,26.0151,-17.0183,3.8854,28.1,-15.0698,4.0144
Springfield,Hillside House,Ground Floor,12237,IfcBeam,PRG-032,26.8533,-15.8244,3.9229,2.0849,1.9485,0.129,25.8109,-16.7986,3.8584,27.8957,-14.8501,3.9874
Springfield,Hillside House,Ground Floor,12240,IfcBeam,PRG-033,26.649,-15.6047,3.8959,2.0849,1.9485,0.129,25.6066,-16.5789,3.8314,27.6914,-14.6304,3.9605
Springfield,Hillside House,Ground Floor,12275,IfcBeam,PRG-034,26.4447,-15.385,3.869,2.0849,1.9485,0.129,25.4023,-16.3592,3.8045,27.4872,-14.4107,3.9335
Springfield,Hillside House,Ground Floor,12253,IfcDiscreteAccessory,RNDP-006,29.1488,-16.1615,1.9835,0.0199,0.02,4.0271,29.1388,-16.1715,-0.03,29.1587,-16.1515,3.9971
Springfield,Hillside House,Ground Floor,12267,IfcDiscreteAccessory,RNDP-005,27.3014,-14.1746,1.8717,0.0199,0.02,3.8034,27.2914,-14.1846,-0.03,27.3113,-14.1646,3.7734
Springfield,Hillside House,Ground Floor,12264,IfcBeam,PRG-035,26.0362,-14.9456,3.815,2.0849,1.9485,0.129,24.9937,-15.9198,3.7505,27.0786,-13.9713,3.8795
Springfield,Hillside House,Ground Floor,12271,IfcDiscreteAccessory,RNDP-004,25.4539,-12.1876,1.753,0.0199,0.02,3.5661,25.444,-12.1976,-0.03,25.4639,-12.1776,3.536
Springfield,Hillside House,Ground Floor,12276,IfcBeam,PRG-036,25.8319,-14.7258,3.788,2.0849,1.9485,0.129,24.7895,-15.7001,3.7235,26.8743,-13.7516,3.8526
Springfield,Hillside House,Ground Floor,12281,IfcDiscreteAccessory,RNDP-003,27.0227,-18.1383,1.9835,0.0199,0.02,4.0271,27.0128,-18.1483,-0.03,27.0327,-18.1283,3.9971
Springfield,Hillside House,Ground Floor,12277,IfcBeam,PRG-037,25.6276,-14.5061,3.7611,2.0849,1.9485,0.129,24.5852,-15.4804,3.6966,26.67,-13.5319,3.8256
Springfield,Hillside House,Ground Floor,12292,IfcDiscreteAccessory,RNDP-002,25.1753,-16.1514,1.8717,0.0199,0.02,3.8034,25.1653,-16.1614,-0.03,25.1852,-16.1414,3.7734
Springfield,Hillside House,Ground Floor,12286,IfcBeam,PRG-038,25.4233,-14.2864,3.7341,2.0849,1.9485,0.129,24.3809,-15.2607,3.6696,26.4658,-13.3122,3.7986
Springfield,Hillside House,Ground Floor,12299,IfcDiscreteAccessory,RNDP-001,23.3278,-14.1644,1.753,0.0199,0.02,3.5661,23.3179,-14.1744,-0.03,23.3378,-14.1544,3.536
Springfield,Hillside House,Ground Floor,12302,IfcBeam,PRG-039,25.2191,-14.0667,3.7071,2.0849,1.9485,0.129,24.1766,-15.041,3.6426,26.2615,-13.0925,3.7716
Springfield,Hillside House,Ground Floor,12305,IfcBeam,PRG-040,25.0148,-13.847,3.6801,2.0849,1.9485,0.129,23.9724,-14.8213,3.6156,26.0572,-12.8728,3.7446
Springfield,Hillside House,Ground Floor,12316,IfcBeam,PRG-041,24.8105,-13.6273,3.6532,2.0849,1.9485,0.129,23.7681,-14.6016,3.5886,25.8529,-12.6531,3.7177
Springfield,Hillside House,Ground Floor,12308,IfcBeam,PRG-042,24.6062,-13.4076,3.6262,2.0849,1.9485,0.129,23.5638,-14.3818,3.5617,25.6487,-12.4334,3.6907
Springfield,Hillside House,Ground Floor,12341,IfcBeam,RBM-001,24.432,-22.3232,2.6875,9.2421,9.9133,0.275,19.811,-27.2799,2.55,29.053,-17.3665,2.825
Springfield,Hillside House,Ground Floor,12317,IfcBeam,RBM-002,31.7263,-30.1683,1.4075,5.7127,6.1174,0.115,28.8699,-33.2271,1.35,34.5826,-27.1096,1.465
Springfield,Hillside House,Ground Floor,12327,IfcBeam,RBM-016,36.3928,-28.9164,1.4075,2.634,2.8062,0.115,35.0758,-30.3195,1.35,37.7098,-27.5133,1.465
Springfield,Hillside House,Ground Floor,12332,IfcBeam,RBM-018,36.4169,-26.6073,1.4075,2.6822,2.5187,0.115,35.0758,-27.8666,1.35,37.758,-25.348,1.465
Springfield,Hillside House,Ground Floor,12333,IfcBeam,RBM-020,35.9569,-23.7775,1.4075,3.2618,3.4815,0.115,34.326,-25.5182,1.35,37.5878,-22.0367,1.465
Springfield,Hillside House,Ground Floor,12340,IfcBeam,RBM-019,21.5622,-16.0792,3.0029,3.5024,3.2813,0.2972,19.811,-17.7198,2.8598,23.3134,-14.4385,3.1569
Springfield,Hillside House,Ground Floor,12346,IfcBeam,RBM-004,33.3829,-21.0091,1.6875,2.2524,2.3958,0.275,32.2567,-22.2069,1.55,34.509,-19.8112,1.825
Springfield,Hillside House,Ground Floor,12342,IfcBeam,RBM-005,30.4741,-17.8806,3.6418,2.2072,2.3472,0.5612,29.3705,-19.0542,3.3612,31.5776,-16.707,3.9224
Springfield,Hillside House,Ground Floor,12345,IfcBeam,RBM-006,28.3149,-17.6878,3.5082,2.4771,2.328,0.2972,27.0764,-18.8518,3.3651,29.5535,-16.5238,3.6623
Springfield,Hillside House,Ground Floor,12356,IfcBeam,RBM-017,25.1885,-16.8218,3.259,4.1163,4.4005,0.8065,23.1303,-19.0221,2.8558,27.2466,-14.6216,3.6623
Springfield,Hillside House,Ground Floor,12355,IfcBuildingElementProxy,FUR-008,22.7265,-19.2391,2.2109,0.6666,0.6209,0.9,22.3922,-19.5485,1.7609,23.0588,-18.9276,2.6609
Springfield,Hillside House,Ground Floor,12370,IfcDiscreteAccessory,RNDP-007,38.1534,-25.8462,0.3735,0.0199,0.02,4.2471,38.1435,-25.8562,-1.75,38.1634,-25.8362,2.4971
Springfield,Hillside House,Ground Floor,12361,IfcDiscreteAccessory,RNDP-008,40.3149,-28.1709,0.3735,0.0199,0.02,4.2471,40.3049,-28.1809,-1.75,40.3248,-28.1609,2.4971
Springfield,Hillside House,Ground Floor,12371,IfcDiscreteAccessory,RNDP-009,36.0442,-27.8072,0.3735,0.0199,0.02,4.2471,36.0343,-27.8172,-1.75,36.0542,-27.7972,2.4971
Springfield,Hillside House,Ground Floor,12378,IfcDiscreteAccessory,RNDP-010,38.2057,-30.1319,0.3735,0.0199,0.02,4.2471,38.1958,-30.1419,-1.75,38.2157,-30.1219,2.4971
Springfield,Hillside House,Ground Floor,12377,IfcWall,WAL-I-034,25.2358,-21.609,1.8521,0.6861,0.7272,3.7735,24.8928,-21.9726,-0.015,25.5788,-21.2454,3.7585
Springfield,Hillside House,Ground Floor,12431,IfcColumn,COL-P-004,17.3788,-17.4613,1.2425,0.1413,0.1413,0.875,17.3082,-17.5319,0.805,17.4495,-17.3906,1.68
Springfield,Hillside House,Ground Floor,12426,IfcWallStandardCase,WAL-E-018,33.765,-32.4785,-0.0425,1.7748,2.1654,3.415,32.8078,-33.6363,-1.75,34.5826,-31.4709,1.665
Springfield,Hillside House,Ground Floor,12461,IfcBuildingElementProxy,FUR-009,20.5516,-17.5826,1.4174,0.2896,0.2984,0.2941,20.3532,-17.707,1.29,20.6428,-17.4086,1.5841
Springfield,Hillside House,Ground Floor,12468,IfcCovering,SLB-0-001,16.25,-16.0849,1.79,5.6661,6.9033,0.02,12.5305,-19.3821,1.78,18.1966,-12.4788,1.8
Springfield,Hillside House,Ground Floor,12469,IfcBeam,BEM-P-001,16.9487,-13.8191,1.73,2.467,2.649,0.1,15.7152,-15.1437,1.68,18.1822,-12.4946,1.78
Springfield,Hillside House,Ground Floor,12474,IfcBeam,BEM-P-002,14.1443,-13.9824,1.73,3.1983,2.9777,0.1,12.5451,-15.4713,1.68,15.7434,-12.4936,1.78
Springfield,Hillside House,Ground Floor,12488,IfcBeam,BEM-P-003,14.3734,-17.4084,1.73,3.6586,3.9307,0.1,12.5441,-19.3737,1.68,16.2027,-15.443,1.78
Springfield,Hillside House,Ground Floor,12481,IfcBeam,BEM-P-004,17.0944,-18.5174,1.73,1.8398,1.7146,0.1,16.1745,-19.3747,1.68,18.0143,-17.6601,1.78
Springfield,Hillside House,Ground Floor,12499,IfcBeam,BEM-P-005,17.4048,-17.034,1.73,1.2209,1.3088,0.1,16.7944,-17.6884,1.68,18.0153,-16.3796,1.78
Springfield,Hillside House,Ground Floor,12492,IfcBeam,BEM-P-006,17.3748,-15.8672,1.73,1.6128,1.5035,0.1,16.5684,-16.6189,1.68,18.1811,-15.1154,1.78
Springfield,Hillside House,Ground Floor,12504,IfcBeam,BEM-P-007,13.8759,-16.4474,1.73,0.452,0.4242,0.1,13.6499,-16.6595,1.68,14.1019,-16.2353,1.78
Springfield,Hillside House,Ground Floor,12503,IfcBeam,BEM-P-011,15.2957,-17.9744,1.73,0.452,0.4242,0.1,15.0697,-18.1865,1.68,15.5217,-17.7623,1.78
Springfield,Hillside House,Ground Floor,12513,IfcBeam,BEM-P-013,15.332,-13.6701,1.73,1.6196,1.5108,0.1,14.5222,-14.4255,1.68,16.1418,-12.9147,1.78
Springfield,Hillside House,Ground Floor,12515,IfcSlab,SLB-0-013,34.4845,-25.5218,-1.35,5.4076,5.1659,0.6,31.9971,-27.3728,-1.65,37.4047,-22.2069,-1.05
Springfield,Hillside House,Ground Floor,12551,IfcBeam,BEM-P-017,16.0057,-18.738,1.73,0.4588,0.4316,0.1,15.7763,-18.9538,1.68,16.2351,-18.5222,1.78
Springfield,Hillside House,Ground Floor,12520,IfcBeam,BEM-P-023,14.7982,-17.0134,1.73,3.666,3.9375,0.1,12.9652,-18.9822,1.68,16.6311,-15.0447,1.78
Springfield,Hillside House,Ground Floor,12545,IfcBeam,BEM-P-024,15.9589,-15.9342,1.73,3.666,3.9375,0.1,14.126,-17.9029,1.68,17.7919,-13.9654,1.78
Springfield,Hillside House,Ground Floor,12534,IfcBeam,BEM-P-018,17.4923,-17.3557,1.73,0.2611,0.2477,0.1,17.3618,-17.4796,1.68,17.6229,-17.2319,1.78
Springfield,Hillside House,Ground Floor,12537,IfcBeam,BEM-P-019,14.5858,-17.2109,1.73,0.4588,0.4316,0.1,14.3564,-17.4267,1.68,14.8152,-16.9951,1.78
Springfield,Hillside House,Ground Floor,12547,IfcBeam,BEM-P-014,13.1661,-15.6839,1.73,0.4588,0.4316,0.1,12.9367,-15.8997,1.68,13.3955,-15.4682,1.78
Springfield,Hillside House,Ground Floor,12542,IfcBeam,BEM-P-008,14.6687,-15.7103,1.73,1.188,1.1086,0.1,14.0747,-16.2646,1.68,15.2627,-15.156,1.78
Springfield,Hillside House,Ground Floor,12558,IfcBeam,BEM-P-020,15.3786,-16.4738,1.73,1.1948,1.1159,0.1,14.7811,-17.0317,1.68,15.976,-15.9158,1.78
Springfield,Hillside House,Ground Floor,12560,IfcBeam,BEM-P-012,16.0884,-17.2373,1.73,1.188,1.1086,0.1,15.4944,-17.7915,1.68,16.6824,-16.683,1.78
Springfield,Hillside House,Ground Floor,12559,IfcBeam,BEM-P-021,16.7984,-18.0009,1.73,1.1948,1.1159,0.1,16.201,-18.5588,1.68,17.3958,-17.443,1.78
Springfield,Hillside House,Ground Floor,12561,IfcBeam,BEM-P-009,16.0418,-14.4336,1.73,1.6128,1.5035,0.1,15.2355,-15.1853,1.68,16.8482,-13.6818,1.78
Springfield,Hillside House,Ground Floor,12572,IfcBeam,BEM-P-015,13.9588,-14.9468,1.73,1.1948,1.1159,0.1,13.3614,-15.5048,1.68,14.5562,-14.3889,1.78
Springfield,Hillside House,Ground Floor,12579,IfcBeam,BEM-P-022,16.7517,-15.1971,1.73,1.6196,1.5108,0.1,15.9419,-15.9525,1.68,17.5615,-14.4416,1.78
Springfield,Hillside House,Ground Floor,12588,IfcBeam,BEM-P-010,17.0938,-16.9271,1.73,0.2543,0.2404,0.1,16.9667,-17.0473,1.68,17.221,-16.8069,1.78
Springfield,Hillside House,Ground Floor,12676,IfcFurnishingElement,FUR-008,21.9847,-18.3247,0.8371,0.7676,0.8121,0.9986,21.6268,-18.7769,0.4513,22.3945,-17.9648,1.4499
Springfield,Hillside House,Ground Floor,12659,IfcFlowTerminal,FUR-011,26.2746,-23.4735,0.5086,0.536,0.5486,1.13,26.0499,-23.7931,0.17,26.5859,-23.2444,1.3
Springfield,Hillside House,Ground Floor,12914,IfcFlowTerminal,FUR-006,26.5231,-21.4368,0.7953,1.0924,1.0671,1.02,25.9487,-21.94,0.0524,27.0411,-20.8729,1.0724
Springfield,Hillside House,Ground Floor,12719,IfcFurnishingElement,FUR-001,23.076,-15.4879,0.916,2.0775,2.021,0.66,21.6656,-16.8128,0.45,23.7432,-14.7919,1.11
Springfield,Hillside House,Ground Floor,12738,IfcBuildingElementProxy,FUR-009,22.4303,-18.9588,0.8413,1.4338,1.3927,0.75,21.7134,-19.6551,0.45,23.1473,-18.2624,1.2
Springfield,Hillside House,Ground Floor,12817,IfcBuildingElementProxy,FU - 023,24.2095,-18.353,1.0942,1.2193,1.1833,2.1,23.5229,-18.8552,0.45,24.7422,-17.672,2.55
Springfield,Hillside House,Ground Floor,12846,IfcFurnishingElement,FUR-001,26.3208,-20.4947,0.916,2.0922,2.0346,0.66,24.8979,-21.8313,0.45,26.9901,-19.7967,1.11
Springfield,Hillside House,Ground Floor,12884,IfcFlowTerminal,FUR-007,27.3138,-22.7515,0.3593,1.7557,1.7068,0.955,26.551,-23.4993,0.0,28.3067,-21.7925,0.955
Springfield,Hillside House,Ground Floor,12977,IfcFurnishingElement,FUR-013,27.858,-23.4965,0.9385,1.1025,1.074,2.1,27.1664,-23.8975,0.0,28.2689,-22.8235,2.1
Springfield,Hillside House,Ground Floor,12925,IfcFurnishingElement,FUR-013,27.089,-24.2114,0.9385,1.1025,1.074,2.1,26.3974,-24.6125,0.0,27.4999,-23.5385,2.1
Springfield,Hillside House,Ground Floor,12970,IfcBuildingElementProxy,FUR-013,28.9991,-24.8487,0.5984,1.1852,1.1467,1.0,28.4865,-25.5081,0.0,29.6717,-24.3614,1.0
Springfield,Hillside House,Ground Floor,13001,IfcFlowTerminal,FUR-011,29.8684,-25.3957,0.3476,0.6333,0.6185,0.71,29.5935,-25.6623,0.0,30.2268,-25.0439,0.71
Springfield,Hillside House,Ground Floor,13022,IfcFlowTerminal,FUR-005,28.9589,-26.7789,0.8171,0.5712,0.454,0.2954,28.6756,-26.9998,0.7001,29.2468,-26.5457,0.9955
Springfield,Hillside House,Ground Floor,13057,IfcFurnishingElement,FUR-013,28.2649,-20.1235,0.9385,1.1268,1.1593,2.1,27.8369,-20.5623,0.0,28.9637,-19.403,2.1
Springfield,Hillside House,Ground Floor,13077,IfcFurnishingElement,FUR-013,27.523,-19.3256,0.9385,1.074,1.1025,2.1,27.1219,-19.7364,0.0,28.1959,-18.6339,2.1
Springfield,Hillside House,Ground Floor,13119,IfcFlowTerminal,FUR-012,30.3985,-18.9452,1.5138,1.1698,1.1621,1.374,29.9186,-19.4846,0.45,31.0884,-18.3225,1.824
Springfield,Hillside House,Ground Floor,13120,IfcBuildingElementProxy,FUR-008,35.5502,-28.204,-0.8035,0.4166,0.4469,0.6,35.343,-28.4264,-1.1035,35.7596,-27.9795,-0.5035
Springfield,Hillside House,Ground Floor,13127,IfcBuildingElementProxy,FUR-008,35.5502,-28.204,-0.1035,0.4166,0.4469,0.6,35.343,-28.4264,-0.4035,35.7596,-27.9795,0.1965
Springfield,Hillside House,Ground Floor,13144,IfcBuildingElementProxy,FUR-008,35.5502,-28.204,0.5965,0.4166,0.4469,0.6,35.343,-28.4264,0.2965,35.7596,-27.9795,0.8965
Springfield,Hillside House,Ground Floor,13724,IfcFurnishingElement,FUR-017,31.2374,-23.0987,1.4,2.2098,2.3127,2.7757,30.1245,-24.2624,0.0,32.3344,-21.9498,2.7757
Springfield,Hillside House,Ground Floor,13316,IfcFurnishingElement,FUR-017,30.1796,-24.8332,0.7368,1.4966,1.5702,1.465,29.4385,-25.6116,0.0,30.9352,-24.0414,1.465
Springfield,Hillside House,Ground Floor,13318,IfcBuildingElementProxy,FUR-008,22.6489,-19.1556,2.2109,0.6666,0.6209,0.9,22.3166,-19.4672,1.7609,22.9832,-18.8463,2.6609
Springfield,Hillside House,Ground Floor,13324,IfcWall,WAL-I-040,32.47,-22.4578,3.1286,0.7663,0.8135,2.8169,32.0868,-22.8645,1.765,32.8532,-22.051,4.5819
Springfield,Hillside House,Ground Floor,13347,IfcSlab,SLB-0-012,31.4792,-22.454,-1.35,1.7945,3.2139,0.6,30.5399,-24.2624,-1.65,32.3344,-21.0485,-1.05
Springfield,Hillside House,Ground Floor,14517,IfcDiscreteAccessory,EASTER-EGG-1612,31.4917,-26.8144,1.4504,0.1022,0.1022,0.0382,31.4384,-26.8641,1.4268,31.5406,-26.7619,1.465
Springfield,Hillside House,Ground Floor,13740,IfcSlab,SLB-0-010,29.1521,-24.5845,-0.3,4.4824,3.7357,0.6,26.3974,-25.8646,-0.6,30.8798,-22.129,0.0
Springfield,Hillside House,Ground Floor,13741,IfcSlab,SLB-0-008,29.0818,-25.6719,-0.3,2.6666,2.3036,0.6,27.8955,-26.9998,-0.6,30.5621,-24.6961,0.0
Springfield,Hillside House,Ground Floor,13745,IfcSlab,SLB-0-012,32.0817,-21.8493,-1.35,3.2345,3.9911,0.6,31.0914,-23.9637,-1.65,34.326,-19.9726,-1.05
Springfield,Hillside House,Ground Floor,13749,IfcCovering,PVM-005,30.1911,-24.6177,-0.01,1.4884,1.5894,0.02,29.4455,-25.4111,-0.02,30.9339,-23.8217,0.0
Springfield,Hillside House,Ground Floor,13756,IfcSlab,SLB-0-016,29.4532,-19.018,0.15,4.7948,4.1572,0.6,27.4809,-21.0343,-0.15,32.2758,-16.8772,0.45
Springfield,Hillside House,Ground Floor,13768,IfcBuildingElementProxy,FU - 021,24.7305,-20.5266,0.451,2.0775,2.021,0.0,23.6918,-21.537,0.451,25.7693,-19.5161,0.451
Springfield,Hillside House,Ground Floor,13796,IfcBuildingElementProxy,FU - 025,25.7039,-19.3661,1.0085,1.1373,1.1805,1.24,25.24,-20.069,0.45,26.3773,-18.8885,1.69
Springfield,Hillside House,Ground Floor,13806,IfcBuildingElementProxy,FUR-009,22.907,-19.4714,0.8413,1.4338,1.3927,0.75,22.1901,-20.1678,0.45,23.6239,-18.7751,1.2
Springfield,Hillside House,Ground Floor,13833,IfcBuildingElementProxy,FU - 021,23.3198,-16.5293,0.451,2.0775,2.021,0.0,22.2811,-17.5398,0.451,24.3586,-15.5188,0.451
Springfield,Hillside House,Ground Floor,13850,IfcFurnishingElement,FUR-008,23.4973,-20.0787,0.8371,0.7676,0.8121,0.9986,23.0875,-20.4386,0.4513,23.8551,-19.6265,1.4499
Springfield,Hillside House,Ground Floor,13879,IfcBuildingElementProxy,FU - 025,20.6419,-17.3787,1.0085,1.1805,1.1373,1.24,20.1643,-17.8425,0.45,21.3448,-16.7053,1.69
Springfield,Hillside House,Ground Floor,13896,IfcBuildingElementProxy,FU - 024,23.7539,-15.7823,0.6546,0.5455,0.5568,0.5,23.5381,-16.0078,0.45,24.0836,-15.451,0.95
Springfield,Hillside House,Ground Floor,14054,IfcBuildingElementProxy,FU - 023,23.5871,-17.772,1.1258,0.9926,0.9719,2.1,23.1862,-18.3556,0.45,24.1788,-17.3837,2.55
Springfield,Hillside House,Ground Floor,14053,IfcBuildingElementProxy,FU - 011,34.2372,-22.8006,0.1097,0.8177,0.8196,2.1,33.9158,-23.0277,-1.05,34.7335,-22.208,1.05
Springfield,Hillside House,Ground Floor,14078,IfcBuildingElementProxy,FU - 013,34.6185,-23.1785,-0.5152,0.8625,0.8636,0.9,34.2951,-23.51,-1.05,35.1576,-22.6464,-0.15
Springfield,Hillside House,Ground Floor,14080,IfcBuildingElementProxy,FU - 013,35.0326,-23.6239,-0.5152,0.8625,0.8636,0.9,34.7092,-23.9554,-1.05,35.5717,-23.0917,-0.15
Springfield,Hillside House,Ground Floor,14099,IfcBuildingElementProxy,FU - 013,35.8104,-24.4605,-0.5152,0.7257,0.7165,0.9,35.5555,-24.7184,-1.05,36.2812,-24.0019,-0.15
Springfield,Hillside House,Ground Floor,14142,IfcBuildingElementProxy,FU - 013,36.1189,-24.8264,-0.3794,0.848,0.848,0.9,35.8418,-25.1578,-1.05,36.6897,-24.3098,-0.15
Springfield,Hillside House,Ground Floor,14155,IfcBuildingElementProxy,FU - 013,35.8441,-26.3584,-0.5152,0.7381,0.7458,0.9,35.5754,-26.8392,-1.05,36.3135,-26.0934,-0.15
Springfield,Hillside House,Ground Floor,14195,IfcBuildingElementProxy,FU - 014,36.576,-25.4027,-0.5772,1.1544,1.3757,0.9,36.2503,-26.1249,-1.05,37.4047,-24.7492,-0.15
Springfield,Hillside House,Ground Floor,14194,IfcBuildingElementProxy,FU - 013,35.4842,-26.6196,-0.1436,0.848,0.8699,1.95,35.136,-27.2478,-1.05,35.9839,-26.3778,0.9
Springfield,Hillside House,Ground Floor,14203,IfcCovering,WAL-E-014,35.8648,-23.8631,0.05,3.0798,3.3123,0.4,34.3249,-25.5192,-0.15,37.4047,-22.2069,0.25
Springfield,Hillside House,Ground Floor,14254,IfcBuildingElementProxy,FU - 013,36.4008,-26.1877,-0.198,0.848,0.848,1.135,35.9042,-26.5334,-1.05,36.7522,-25.6855,0.085
Springfield,Hillside House,Ground Floor,14238,IfcBuildingElementProxy,FU - 013,35.4557,-24.079,-0.5152,0.8625,0.8636,0.9,35.1323,-24.4105,-1.05,35.9949,-23.5468,-0.15
Springfield,Hillside House,Ground Floor,14253,IfcBuildingElementProxy,FU - 015,35.145,-23.5153,-0.1379,0.848,0.848,0.013,34.7182,-23.9494,-0.15,35.5662,-23.1014,-0.137
Springfield,Hillside House,Ground Floor,14294,IfcBuildingElementProxy,FU - 016,35.1919,-23.4812,0.6984,0.9849,1.005,1.0016,34.6835,-23.9966,0.6581,35.6683,-22.9916,1.6597
Springfield,Hillside House,Ground Floor,14297,IfcBuildingElementProxy,FU - 018,35.7699,-24.1034,0.7051,0.5591,0.5694,0.5,35.5511,-24.3306,0.5497,36.1102,-23.7612,1.0497
Springfield,Hillside House,Ground Floor,14300,IfcBuildingElementProxy,FU - 018,36.2125,-24.5794,0.7051,0.5591,0.5694,0.5,35.9937,-24.8066,0.5497,36.5528,-24.2372,1.0497
Springfield,Hillside House,Ground Floor,14302,IfcBuildingElementProxy,FU - 018,36.6551,-25.0555,0.7051,0.5591,0.5694,0.5,36.4363,-25.2826,0.5497,36.9954,-24.7133,1.0497
Springfield,Hillside House,Ground Floor,14320,IfcBuildingElementProxy,FU - 019,30.9985,-27.3149,-0.4911,1.863,1.8115,0.74,30.067,-28.2207,-1.05,31.93,-26.4091,-0.31
Springfield,Hillside House,Ground Floor,14350,IfcBuildingElementProxy,FU - 020,30.8742,-26.3367,-0.6576,0.7299,0.7272,0.8982,30.4889,-26.6789,-1.05,31.2188,-25.9517,-0.1518
Springfield,Hillside House,Ground Floor,14356,IfcBuildingElementProxy,FU - 020,30.4531,-26.7283,-0.6576,0.7299,0.7272,0.8982,30.0678,-27.0704,-1.05,30.7977,-26.3433,-0.1518
Springfield,Hillside House,Ground Floor,14353,IfcBuildingElementProxy,FU - 020,30.032,-27.1198,-0.6576,0.7299,0.7272,0.8982,29.6467,-27.462,-1.05,30.3766,-26.7348,-0.1518
Springfield,Hillside House,Ground Floor,14383,IfcBuildingElementProxy,FU - 020,31.9651,-27.51,-0.6576,0.7299,0.7272,0.8982,31.6205,-27.895,-1.05,32.3504,-27.1679,-0.1518
Springfield,Hillside House,Ground Floor,14385,IfcBuildingElementProxy,FU - 020,31.544,-27.9016,-0.6576,0.7299,0.7272,0.8982,31.1994,-28.2866,-1.05,31.9293,-27.5594,-0.1518
Springfield,Hillside House,Ground Floor,14387,IfcBuildingElementProxy,FU - 020,31.1229,-28.2931,-0.6576,0.7299,0.7272,0.8982,30.7783,-28.6781,-1.05,31.5082,-27.9509,-0.1518
Springfield,Hillside House,Ground Floor,14390,IfcBuildingElementProxy,FU - 021,30.9985,-27.3149,-1.049,3.3919,3.3919,0.0,29.3026,-29.0109,-1.049,32.6945,-25.619,-1.049
Springfield,Hillside House,Ground Floor,14409,IfcBuildingElementProxy,FU - 023,33.2114,-31.4123,-0.6383,1.0248,1.0995,0.9505,32.6363,-31.8808,-1.0,33.6611,-30.7813,-0.0495
Springfield,Hillside House,Ground Floor,14446,IfcBuildingElementProxy,FU - 024,33.2333,-31.2524,-1.3389,1.728,1.8052,0.5,32.3762,-32.1485,-1.5,34.1043,-30.3433,-1.0
Springfield,Hillside House,Ground Floor,14449,IfcBuildingElementProxy,FU - 021,34.1717,-30.3145,-1.499,3.0886,3.1298,0.0,32.6274,-31.8794,-1.499,35.716,-28.7496,-1.499
Springfield,Hillside House,Ground Floor,14513,IfcBuildingElementProxy,FU - 023,34.5126,-28.7471,-1.1133,1.341,1.3276,0.8024,33.8416,-29.5011,-1.5,35.1826,-28.1734,-0.6976
Springfield,Hillside House,Ground Floor,14486,IfcBuildingElementProxy,FU - 023,35.1571,-29.3983,-1.0927,1.2688,1.2585,0.8024,34.4585,-30.0869,-1.5,35.7274,-28.8284,-0.6976
Springfield,Hillside House,Ground Floor,14516,IfcBuildingElementProxy,FU - 023,35.7598,-30.0885,-1.1133,1.3328,1.3359,0.8024,35.0033,-30.7502,-1.5,36.3361,-29.4143,-0.6976
Springfield,Hillside House,Ground Floor,14560,IfcBuildingElementProxy,FU - 023,34.9353,-30.7652,-1.2835,1.3286,1.3235,0.4,34.2709,-31.427,-1.5,35.5996,-30.1035,-1.1
Springfield,Hillside House,Ground Floor,14552,IfcBuildingElementProxy,FU - 023,32.8479,-29.0114,-1.1033,1.2295,1.2264,0.8024,32.2554,-29.649,-1.5,33.4849,-28.4226,-0.6976
Springfield,Hillside House,Ground Floor,14562,IfcBuildingElementProxy,FU - 018,33.773,-31.844,0.2684,0.5591,0.5694,0.5,33.4317,-32.1851,0.113,33.9908,-31.6158,0.613
Springfield,Hillside House,Ground Floor,14561,IfcBuildingElementProxy,FU - 018,33.2963,-31.3313,0.2684,0.5591,0.5694,0.5,32.955,-31.6725,0.113,33.5142,-31.1031,0.613
Springfield,Hillside House,Ground Floor,14568,IfcBuildingElementProxy,FU - 018,34.2496,-32.3566,0.2684,0.5591,0.5694,0.5,33.9083,-32.6978,0.113,34.4675,-32.1284,0.613
Springfield,Hillside House,Ground Floor,14680,IfcFlowTerminal,FU - 023,24.8121,-21.7834,1.0974,1.0811,1.0413,2.1,24.4223,-22.587,0.0,25.5034,-21.5457,2.1
Springfield,Hillside House,Ground Floor,14640,IfcBuildingElementProxy,FU - 026,25.7899,-21.7567,1.1085,0.3255,0.308,0.04,25.6193,-21.9026,1.0885,25.9448,-21.5945,1.1285
Springfield,Hillside House,Ground Floor,14645,IfcBuildingElementProxy,FU - 027,26.3287,-21.2277,1.5026,0.3798,0.3551,0.8,26.1388,-21.4053,1.1026,26.5186,-21.0502,1.9026
Springfield,Hillside House,Ground Floor,14670,IfcBuildingElementProxy,FU - 026,25.6197,-22.1475,1.1085,0.2399,0.2523,0.04,25.508,-22.2657,1.0885,25.7479,-22.0135,1.1285
Springfield,Hillside House,Ground Floor,14674,IfcWallStandardCase,WAL-I-007,26.5057,-23.709,1.9896,0.6932,0.6495,4.0092,26.1591,-24.0337,-0.015,26.8523,-23.3843,3.9942
Springfield,Hillside House,Ground Floor,14686,IfcBuildingElementProxy,FU - 028,26.5652,-23.2228,1.1424,0.253,0.2551,0.16,26.4355,-23.3533,1.05,26.6884,-23.0983,1.21
Springfield,Hillside House,Ground Floor,14688,IfcCovering,MORPH-001,28.1685,-21.9581,0.3,0.745,0.7672,0.6,27.796,-22.3417,0.0,28.541,-21.5746,0.6
Springfield,Hillside House,Ground Floor,14698,IfcBuildingElementProxy,FUR-008,30.006,-26.2474,0.71,0.7838,0.7298,1.42,29.6131,-26.6113,0.0,30.3969,-25.8814,1.42
Springfield,Hillside House,Ground Floor,14731,IfcBuildingElementProxy,FUR-008,25.7148,-19.569,1.0128,0.3316,0.3582,0.2984,25.5958,-19.7186,0.89,25.9274,-19.3605,1.1884
Springfield,Hillside House,Ground Floor,14744,IfcBuildingElementProxy,FUR-009,25.4618,-19.3162,1.0198,0.2131,0.2262,0.2926,25.4024,-19.3895,0.89,25.6155,-19.1633,1.1826
Springfield,Hillside House,Ground Floor,14837,IfcBuildingElementProxy,FUR-010,25.7762,-19.584,0.6079,0.2703,0.2803,0.2852,25.6816,-19.6872,0.49,25.9519,-19.4069,0.7752
Springfield,Hillside House,Ground Floor,14763,IfcBuildingElementProxy,FUR-009,20.8816,-17.2731,1.0042,0.2248,0.2298,0.2554,20.7351,-17.3526,0.89,20.9599,-17.1228,1.1454
Springfield,Hillside House,Ground Floor,14788,IfcBuildingElementProxy,FUR-009,20.4906,-17.6451,1.0173,0.2573,0.2721,0.289,20.3148,-17.7466,0.89,20.5721,-17.4745,1.179
Springfield,Hillside House,Ground Floor,14841,IfcBuildingElementProxy,FUR-011,31.6327,-19.8566,1.0517,0.848,0.848,0.9,31.4278,-20.4105,0.45,32.2758,-19.5625,1.35
Springfield,Hillside House,Ground Floor,14845,IfcBuildingElementProxy,FUR-011,31.1933,-20.2651,1.0517,0.848,0.848,0.9,30.9884,-20.819,0.45,31.8364,-19.9711,1.35
Springfield,Hillside House,Ground Floor,14846,IfcBuildingElementProxy,FU - 027,29.405,-24.9242,1.4662,0.4598,0.4305,0.6,29.1723,-25.1364,1.1662,29.6321,-24.7059,1.7662
Springfield,Hillside House,Ground Floor,14851,IfcBuildingElementProxy,FU - 027,29.0214,-25.2809,1.802,0.2401,0.2262,0.3,28.8985,-25.3909,1.652,29.1386,-25.1647,1.952
Springfield,Hillside House,Ground Floor,14862,IfcBuildingElementProxy,FU - 027,29.0214,-25.2809,1.477,0.2035,0.1922,0.25,28.9168,-25.3739,1.352,29.1203,-25.1817,1.602
Springfield,Hillside House,Ground Floor,14860,IfcBuildingElementProxy,FU - 027,29.0214,-25.2809,1.2014,0.1669,0.1582,0.2,28.9351,-25.3569,1.1014,29.102,-25.1987,1.3014
Springfield,Hillside House,Ground Floor,14864,IfcFurnishingElement,FUR-013,29.0057,-20.9204,0.9385,1.074,1.1025,2.1,28.6047,-21.3313,0.0,29.6787,-20.2288,2.1
Springfield,Hillside House,Ground Floor,14884,IfcFlowSegment,FU - 017,34.6488,-33.6227,1.3147,0.1539,0.1557,5.9102,34.571,-33.7016,-1.6972,34.7248,-33.546,4.213
Springfield,Hillside House,Ground Floor,14882,IfcWallStandardCase,WAL-I-005,27.5058,-23.1546,1.9908,2.353,2.1977,4.0116,26.3293,-24.2535,-0.015,28.6823,-22.0557,3.9966
Springfield,Hillside House,Ground Floor,14984,IfcFlowSegment,FU - 017,20.1403,-16.9493,2.2671,0.1539,0.1557,2.6047,20.0653,-17.0272,0.9533,20.2191,-16.8715,3.558
Springfield,Hillside House,Ground Floor,14892,IfcFlowSegment,FU - 017,29.2483,-16.3622,2.2354,0.1539,0.1557,3.6412,29.1728,-16.4396,0.42,29.3266,-16.2839,4.0612
Springfield,Hillside House,Ground Floor,14915,IfcFlowSegment,FU - 017,37.891,-25.6576,2.7306,0.1394,0.1348,4.4908,37.8127,-25.7178,0.42,37.9521,-25.5831,4.9108
Springfield,Hillside House,First Floor,14966,IfcFlowTerminal,FUR-007,36.5356,-25.8143,2.3118,1.7557,1.7068,0.8576,35.3085,-26.9924,1.78,37.0642,-25.2856,2.6376
Springfield,Hillside House,First Floor,14983,IfcFlowTerminal,FUR-004,33.3493,-22.6839,2.8052,0.5913,0.5836,0.2305,33.067,-22.99,2.685,33.6583,-22.4064,2.9155
Springfield,Hillside House,First Floor,15009,IfcWindow,WDW-002,34.7906,-22.4317,3.5263,0.7528,0.7594,0.605,34.4272,-22.7993,3.26,35.18,-22.0399,3.865
Springfield,Hillside House,First Floor,15010,IfcWall,WAL-I-038,32.6925,-22.697,1.4053,1.0871,1.1586,0.8092,32.0868,-23.2096,0.9708,33.174,-22.051,1.78
Springfield,Hillside House,First Floor,15013,IfcWall,WAL-I-039,34.4366,-24.5729,3.7035,0.4818,0.5075,3.257,34.1758,-24.8053,1.765,34.6576,-24.2978,5.022
Springfield,Hillside House,First Floor,15040,IfcColumn,COL-I-003,32.1657,-24.1131,3.2725,0.5415,0.5184,3.015,31.8949,-24.3723,1.765,32.4365,-23.8539,4.78
Springfield,Hillside House,First Floor,15033,IfcColumn,COL-I-004,29.6077,-21.1661,3.2531,0.6148,0.5865,2.2166,29.2393,-21.5161,1.78,29.8541,-20.9296,3.9966
Springfield,Hillside House,First Floor,15043,IfcWall,WAL-I-022,30.1078,-26.0265,3.2172,2.3138,2.1663,2.9176,28.9509,-27.1096,1.765,31.2647,-24.9434,4.6826
Springfield,Hillside House,First Floor,15054,IfcWall,WAL-I-023,32.5705,-26.531,2.7681,3.4109,3.6578,3.357,31.1915,-28.7111,1.665,34.6024,-25.0532,5.022
Springfield,Hillside House,First Floor,15059,IfcDoor,DOR-004,31.7844,-25.7263,2.7954,0.6861,0.7272,2.1,31.2596,-25.8537,1.78,31.9457,-25.1265,3.88
Springfield,Hillside House,First Floor,15058,IfcWall,WAL-I-024,33.4259,-29.6686,3.075,2.2066,2.0615,2.8296,32.3226,-30.6994,1.665,34.5292,-28.6378,4.4946
Springfield,Hillside House,First Floor,15065,IfcWall,WAL-I-025,31.8598,-27.9842,3.2985,2.2066,2.0615,3.2767,30.7565,-29.015,1.665,32.963,-26.9534,4.9417
Springfield,Hillside House,First Floor,15064,IfcWall,WAL-I-026,33.2376,-25.6331,3.6999,0.5499,0.5807,3.257,32.936,-25.8947,1.765,33.4859,-25.314,5.022
Springfield,Hillside House,First Floor,15068,IfcWall,WAL-I-028,32.6038,-25.7592,4.4073,0.8004,0.7542,1.0634,32.2036,-26.1363,3.88,33.0041,-25.3821,4.9434
Springfield,Hillside House,First Floor,15102,IfcDoor,DOR-006,32.2252,-26.0088,2.7803,0.7641,0.7189,2.1,32.1685,-26.0681,1.78,32.9326,-25.3491,3.88
Springfield,Hillside House,First Floor,15093,IfcWall,WAL-I-032,34.4846,-23.4643,3.2645,1.152,1.081,3.2078,33.9086,-24.0048,1.665,35.0606,-22.9238,4.8728
Springfield,Hillside House,First Floor,15131,IfcWall,WAL-I-041,34.9026,-24.4394,3.2048,1.2252,1.1491,3.3721,34.5163,-24.8053,1.665,35.7415,-23.6562,5.0371
Springfield,Hillside House,First Floor,15139,IfcDoor,DOR-001,35.0581,-24.3507,2.7954,0.5331,0.4986,2.1,34.6372,-24.7372,1.78,35.1703,-24.2385,3.88
Springfield,Hillside House,First Floor,15132,IfcWall,WAL-I-029,33.2461,-22.4994,3.1779,0.7858,0.7405,2.8345,32.8532,-22.8697,1.765,33.639,-22.1291,4.5995
Springfield,Hillside House,First Floor,15144,IfcWall,WAL-I-030,33.7628,-22.4089,3.203,0.3941,0.4131,2.9176,33.5657,-22.6155,1.765,33.9598,-22.2024,4.6826
Springfield,Hillside House,First Floor,15148,IfcWall,WAL-I-031,34.1089,-22.3405,3.2194,0.4342,0.4136,2.9176,33.8918,-22.5473,1.765,34.326,-22.1337,4.6826
Springfield,Hillside House,First Floor,15145,IfcWall,WAL-I-027,34.0873,-26.5983,3.0566,1.6852,1.8092,3.2439,33.4126,-27.6836,1.78,35.0978,-25.8743,5.0239
Springfield,Hillside House,First Floor,15183,IfcDoor,DOR-004,34.1248,-26.6319,2.7954,0.6348,0.6795,2.1,33.6019,-26.7575,1.78,34.2367,-26.0779,3.88
Springfield,Hillside House,First Floor,15281,IfcWindow,WDW-007,29.9322,-28.4798,3.02,2.0127,2.4665,1.405,28.9067,-29.7448,2.375,30.9193,-27.2783,3.78
Springfield,Hillside House,First Floor,15325,IfcWindow,WDW-003,37.3581,-29.819,2.941,1.2144,1.0619,1.4,36.708,-30.3339,2.38,37.9224,-29.272,3.78
Springfield,Hillside House,First Floor,15352,IfcDoor,DOR-007,36.8051,-29.1464,2.7861,0.7856,0.8396,2.0,36.1777,-29.3071,1.78,36.9633,-28.4674,3.78
Springfield,Hillside House,First Floor,15446,IfcWindow,WDW-007,36.6607,-26.4656,2.9864,1.4186,1.3656,1.405,35.9635,-27.1614,2.375,37.3821,-25.7958,3.78
Springfield,Hillside House,First Floor,15422,IfcColumn,COL-P-005,38.1534,-25.8462,3.28,0.212,0.212,3.0,38.0474,-25.9522,1.78,38.2594,-25.7402,4.78
Springfield,Hillside House,First Floor,15426,IfcColumn,COL-P-006,40.3149,-28.1709,2.987,0.212,0.212,2.414,40.2089,-28.2769,1.78,40.4209,-28.0649,4.194
Springfield,Hillside House,First Floor,15435,IfcColumn,COL-P-007,36.0442,-27.8072,3.28,0.212,0.212,3.0,35.9382,-27.9132,1.78,36.1502,-27.7012,4.78
Springfield,Hillside House,First Floor,15436,IfcColumn,COL-P-008,38.2057,-30.1319,2.987,0.212,0.212,2.414,38.0997,-30.2379,1.78,38.3117,-30.0259,4.194
Springfield,Hillside House,First Floor,15442,IfcBeam,RBM-012,37.3757,-29.9735,1.4075,0.6668,0.6905,0.115,37.0423,-30.3188,1.35,37.7091,-29.6283,1.465
Springfield,Hillside House,First Floor,15451,IfcBeam,RBM-026,33.1703,-22.6382,1.715,0.8012,1.0181,0.1,32.7696,-23.1472,1.665,33.5709,-22.1291,1.765
Springfield,Hillside House,First Floor,15452,IfcBeam,RBM-025,33.7261,-22.443,1.715,0.3311,0.6277,0.1,33.5606,-22.7568,1.665,33.8917,-22.1291,1.765
Springfield,Hillside House,First Floor,15457,IfcBeam,RBM-027,32.3161,-23.1,1.715,0.7324,0.6912,0.1,31.8819,-23.3775,1.665,32.6142,-22.6863,1.765
Springfield,Hillside House,First Floor,15462,IfcBeam,RBM-024,34.2179,-22.3074,1.715,0.6664,0.7661,0.1,33.8917,-22.6206,1.665,34.5581,-21.8545,1.765
Springfield,Hillside House,First Floor,15472,IfcBeam,RBM-023,32.2494,-23.6157,1.715,0.7351,0.4969,0.1,31.8819,-23.8642,1.665,32.617,-23.3672,1.765
Springfield,Hillside House,First Floor,15468,IfcCovering,SLB-1-019,37.7885,-27.943,1.7925,3.1501,4.2935,0.025,36.0404,-30.1358,1.78,39.1905,-25.8423,1.805
Springfield,Hillside House,First Floor,15479,IfcBeam,RBM-022,30.7473,-25.466,1.715,3.6661,3.2924,0.1,28.9509,-27.1462,1.665,32.617,-23.8539,1.765
Springfield,Hillside House,First Floor,15485,IfcBeam,RBM-014,36.4915,-26.504,4.4193,2.4991,2.3484,0.3,35.2589,-27.6964,4.249,37.758,-25.348,4.549
Springfield,Hillside House,First Floor,15482,IfcBeam,RBM-015,36.6008,-29.1401,4.077,2.634,2.8062,0.769,35.0758,-30.3195,3.78,37.7098,-27.5133,4.549
Springfield,Hillside House,First Floor,15490,IfcBeam,RBM-013,36.0917,-31.8244,3.8026,3.1293,3.0907,0.0695,34.5676,-33.4102,3.78,37.6969,-30.3195,3.8495
Springfield,Hillside House,First Floor,15493,IfcBeam,RBM-009,32.4109,-30.9046,4.2905,4.3436,4.6449,1.4933,30.2391,-33.2271,3.5439,34.5826,-28.5822,5.0371
Springfield,Hillside House,First Floor,15494,IfcBeam,RBM-008,36.6411,-24.5134,4.6403,1.892,2.0082,0.7936,35.6951,-25.5175,4.2435,37.5871,-23.5093,5.0372
Springfield,Hillside House,First Floor,15506,IfcBeam,RBM-003,36.1397,-31.7798,1.4075,3.4802,3.2607,0.115,34.3996,-33.4102,1.35,37.8798,-30.1495,1.465
Springfield,Hillside House,First Floor,15582,IfcWindow,WDW-004,31.5683,-30.1966,3.0201,1.216,1.6097,1.405,30.9494,-31.085,2.375,32.1654,-29.4754,3.78
Springfield,Hillside House,First Floor,15590,IfcBuildingElementProxy,FUR-008,35.004,-32.6418,2.98,0.4469,0.4166,0.6,34.7816,-32.8512,2.68,35.2285,-32.4346,3.28
Springfield,Hillside House,First Floor,15897,IfcBeam,RBM-028,32.6919,-22.9167,1.715,0.176,0.4609,0.1,32.6039,-23.1472,1.665,32.7799,-22.6863,1.765
Springfield,Hillside House,First Floor,15961,IfcWall,WAL-I-040,33.44,-23.501,2.5863,1.4691,1.5694,3.2784,32.7799,-24.3658,1.665,34.2491,-22.7964,4.9434
Springfield,Hillside House,First Floor,15970,IfcDoor,DOR-003,33.7037,-23.8254,2.7954,0.618,0.654,2.1,33.2437,-23.9492,1.78,33.8617,-23.2952,3.88
Springfield,Hillside House,First Floor,16003,IfcWindow,WDW-002,37.2856,-30.8405,2.941,1.3462,1.0714,1.4,36.5762,-31.3893,2.38,37.9224,-30.318,3.78
Springfield,Hillside House,First Floor,16082,IfcWindow,WDW-007,35.693,-32.4818,3.0492,2.0752,2.3605,1.4,34.7121,-33.5228,2.38,36.7873,-31.1623,3.78
Springfield,Hillside House,First Floor,16173,IfcFurnishingElement,FUR-010,32.1281,-28.1271,2.7905,2.547,2.4277,2.1,30.8246,-29.4544,1.78,33.3716,-27.0267,3.88
Springfield,Hillside House,First Floor,16182,IfcFurnishingElement,FUR-002,34.1787,-30.3388,2.1624,2.6801,2.6904,0.92,32.8703,-31.7181,1.78,35.5504,-29.0277,2.7
Springfield,Hillside House,First Floor,16301,IfcFurnishingElement,FUR-010,33.3029,-29.3906,2.7905,2.547,2.4277,2.1,31.9141,-30.6261,1.78,34.4611,-28.1984,3.88
Springfield,Hillside House,First Floor,16333,IfcFurnishingElement,FUR-003,34.5112,-29.0076,2.0063,0.5705,0.5602,0.5,34.1886,-29.2475,1.78,34.759,-28.6873,2.28
Springfield,Hillside House,First Floor,16335,IfcFurnishingElement,FUR-003,32.8268,-30.5738,2.0063,0.5705,0.5602,0.5,32.5042,-30.8136,1.78,33.0746,-30.2534,2.28
Springfield,Hillside House,First Floor,16463,IfcBuildingElementProxy,FUR-018,30.6533,-27.7592,2.2056,1.5643,1.5824,1.0989,30.2614,-28.9417,1.78,31.8257,-27.3593,2.8789
Springfield,Hillside House,First Floor,16596,IfcBuildingElementProxy,FUR-018,31.7205,-26.765,2.2056,1.5643,1.5824,1.0989,31.3306,-27.9476,1.78,32.8949,-26.3652,2.8789
Springfield,Hillside House,First Floor,16655,IfcBuildingElementProxy,FUR-009,32.095,-27.693,3.6278,0.2299,0.2153,0.3,31.9697,-27.8042,3.48,32.1996,-27.5889,3.78
Springfield,Hillside House,First Floor,16657,IfcFlowTerminal,FUR-011,34.2896,-22.9092,2.1886,0.5486,0.536,1.13,34.0605,-23.1339,1.85,34.6091,-22.5979,2.98
Springfield,Hillside House,First Floor,16772,IfcFlowTerminal,FUR-006,35.8044,-24.2132,2.5229,0.8998,0.9154,1.02,35.3827,-24.6448,1.78,36.2824,-23.7294,2.8
Springfield,Hillside House,First Floor,16700,IfcBuildingElementProxy,FU - 028,34.5819,-23.2027,2.4622,0.2551,0.253,0.16,34.4514,-23.3259,2.3697,34.7065,-23.073,2.5297
Springfield,Hillside House,First Floor,16703,IfcWallStandardCase,WAL-I-007,34.5311,-22.6845,2.5125,0.7031,0.7509,1.465,34.1795,-23.06,1.78,34.8826,-22.3091,3.245
Springfield,Hillside House,First Floor,16738,IfcFlowTerminal,FU - 023,35.1726,-23.5985,2.8156,0.6074,0.5789,1.9189,34.7249,-23.9318,2.1011,35.3323,-23.3529,4.02
Springfield,Hillside House,First Floor,16771,IfcFlowTerminal,FUR-006,36.3472,-24.797,2.5229,0.9036,0.9195,1.02,35.9236,-25.2307,1.78,36.8271,-24.3111,2.8
Springfield,Hillside House,First Floor,16774,IfcWall,WAL-I-007,35.2388,-23.4458,3.3661,0.6495,0.6932,3.2515,34.9141,-23.7923,1.78,35.5636,-23.0992,5.0315
Springfield,Hillside House,First Floor,16779,IfcCovering,MORPH-001,36.1407,-26.0025,2.085,2.8847,2.7622,0.6,34.5138,-27.6631,1.78,37.3985,-24.9009,2.38
Springfield,Hillside House,First Floor,16782,IfcSlab,SLB-1-017,34.6252,-24.3263,1.6225,5.1901,6.122,0.315,32.7799,-27.9765,1.465,37.97,-21.8545,1.78
Springfield,Hillside House,First Floor,16788,IfcSlab,SLB-1-017,32.6545,-22.7309,1.6225,0.1245,0.1318,0.315,32.6123,-22.8181,1.465,32.7368,-22.6864,1.78
Springfield,Hillside House,First Floor,16807,IfcBuildingElementProxy,FU - 026,37.1104,-25.2539,2.98,0.4102,0.4354,0.04,36.9135,-25.4636,2.96,37.3237,-25.0283,3.0
Springfield,Hillside House,First Floor,16806,IfcBuildingElementProxy,FU - 026,37.1104,-25.2539,3.28,0.4102,0.4354,0.04,36.9135,-25.4636,3.26,37.3237,-25.0283,3.3
Springfield,Hillside House,First Floor,16810,IfcBuildingElementProxy,FU - 027,36.0029,-24.0325,3.328,0.3551,0.3798,0.8,35.8253,-24.2224,2.928,36.1804,-23.8427,3.728
Springfield,Hillside House,First Floor,16816,IfcBuildingElementProxy,FU - 027,36.5476,-24.6184,3.328,0.3551,0.3798,0.8,36.3701,-24.8083,2.928,36.7252,-24.4285,3.728
Springfield,Hillside House,First Floor,16935,IfcBuildingElementProxy,FUR-008,29.903,-26.5583,2.7144,1.1171,1.0734,1.8,29.3445,-27.095,1.78,30.4616,-26.0215,3.58
Springfield,Hillside House,First Floor,16940,IfcBuildingElementProxy,FU - 027,33.2503,-22.5774,3.328,0.3505,0.3279,0.76,33.0751,-22.7413,2.948,33.4256,-22.4135,3.708
Springfield,Hillside House,First Floor,16951,IfcBuildingElementProxy,FU - 026,33.7245,-22.4933,3.08,0.2399,0.2523,0.04,33.6127,-22.6116,3.06,33.8526,-22.3593,3.1
Springfield,Hillside House,First Floor,17000,IfcBuildingElementProxy,FU - 025,34.8164,-32.4271,2.1466,1.1512,1.1101,0.6,34.3103,-33.0568,1.78,35.4615,-31.9468,2.38
Springfield,Hillside House,First Floor,16996,IfcBuildingElementProxy,FU - 021,35.1763,-29.6495,1.781,1.4608,1.5071,0.0,34.4459,-30.4031,1.781,35.9067,-28.896,1.781
Springfield,Hillside House,First Floor,16999,IfcBuildingElementProxy,FU - 021,33.4187,-31.2838,1.781,1.4608,1.5071,0.0,32.6883,-32.0373,1.781,34.1491,-30.5302,1.781
Springfield,Hillside House,First Floor,17069,IfcBuildingElementProxy,FUR-007,36.4545,-30.5937,2.1985,0.6556,0.738,0.8097,36.1002,-30.9697,1.78,36.7558,-30.2317,2.5897
Springfield,Hillside House,First Floor,17073,IfcCovering,S -001,34.586,-22.6335,3.255,0.813,0.853,0.02,34.1795,-23.06,3.245,34.9925,-22.2069,3.265
Springfield,Hillside House,First Floor,17072,IfcWall,WAL-I-028,33.4591,-24.9461,3.3486,1.2347,1.0998,3.1783,32.936,-25.3869,1.765,34.1707,-24.2871,4.9433
Springfield,Hillside House,Roof,17095,IfcBeam,RBM-011,32.2461,-19.7864,2.697,0.3873,0.3899,2.2941,32.0524,-19.9814,1.55,32.4398,-19.5915,3.8441
Springfield,Hillside House,Roof,17159,IfcWindow,SKL-003,30.8153,-21.6333,4.7611,1.7126,1.7518,0.9655,29.9801,-22.5321,4.0741,31.6927,-20.7804,5.0396
Springfield,Hillside House,Roof,17155,IfcWindow,SKL-004,29.5777,-22.7841,4.7611,1.7126,1.7518,0.9655,28.7424,-23.6829,4.0741,30.455,-21.9312,5.0396
Springfield,Hillside House,Roof,17158,IfcWindow,SKL-001,31.9708,-22.8761,5.0603,1.7126,1.7518,0.9655,31.1356,-23.7749,4.3733,32.8482,-22.0232,5.3388
Springfield,Hillside House,Roof,17163,IfcWindow,SKL-002,30.7332,-24.0269,5.0603,1.7126,1.7518,0.9655,29.8979,-24.9257,4.3733,31.6105,-23.1739,5.3388
Springfield,Hillside House,Roof,17176,IfcBeam,PRG-008,39.2603,-29.1514,4.269,2.3212,2.1731,0.15,38.0997,-30.2379,4.194,40.4209,-28.0649,4.344
Springfield,Hillside House,Roof,17181,IfcBeam,PRG-010,39.2342,-27.0085,4.5615,2.1692,2.317,0.7407,38.1496,-28.167,4.1912,40.3187,-25.85,4.9319
Springfield,Hillside House,Roof,17187,IfcBeam,PRG-011,37.125,-28.9696,4.5615,2.1692,2.317,0.7407,36.0404,-30.1281,4.1912,38.2096,-27.8111,4.9319
Springfield,Hillside House,Roof,17184,IfcBeam,PRG-014,39.0388,-28.9132,4.3159,2.0679,1.9327,0.129,38.0048,-29.8795,4.2514,40.0728,-27.9468,4.3804
Springfield,Hillside House,Roof,17190,IfcBeam,PRG-015,38.8346,-28.6936,4.3724,2.0679,1.9327,0.129,37.8007,-29.66,4.3079,39.8686,-27.7272,4.4369
Springfield,Hillside House,Roof,17198,IfcBeam,PRG-016,38.6305,-28.474,4.429,2.0679,1.9327,0.129,37.5965,-29.4404,4.3644,39.6645,-27.5077,4.4935
Springfield,Hillside House,Roof,17205,IfcBeam,PRG-017,38.4263,-28.2544,4.4855,2.0679,1.9327,0.129,37.3924,-29.2208,4.421,39.4603,-27.2881,4.55
Springfield,Hillside House,Roof,17200,IfcBeam,PRG-018,38.2222,-28.0349,4.542,2.0679,1.9327,0.129,37.1882,-29.0012,4.4775,39.2561,-27.0685,4.6065
Springfield,Hillside House,Roof,17204,IfcBeam,PRG-019,38.018,-27.8153,4.5986,2.0679,1.9327,0.129,36.984,-28.7817,4.5341,39.052,-26.8489,4.6631
Springfield,Hillside House,Roof,17203,IfcBeam,PRG-020,37.8139,-27.5957,4.6551,2.0679,1.9327,0.129,36.7799,-28.5621,4.5906,38.8478,-26.6294,4.7196
Springfield,Hillside House,Roof,17206,IfcBeam,PRG-021,37.6097,-27.3762,4.7116,2.0679,1.9327,0.129,36.5757,-28.3425,4.6471,38.6437,-26.4098,4.7762
Springfield,Hillside House,Roof,17213,IfcBeam,PRG-022,37.4055,-27.1566,4.7682,2.0679,1.9327,0.129,36.3716,-28.1229,4.7037,38.4395,-26.1902,4.8327
Springfield,Hillside House,Roof,17214,IfcBeam,PRG-023,37.2014,-26.937,4.8247,2.0679,1.9327,0.129,36.1674,-27.9034,4.7602,38.2354,-25.9706,4.8892
Springfield,Hillside House,Roof,17219,IfcBeam,RBM-007,33.6364,-21.2817,4.328,4.4836,4.7956,1.4183,31.3945,-23.6795,3.6189,35.8782,-18.8839,5.0371
Springfield,Hillside House,Roof,17261,IfcDiscreteAccessory,BEM-P-006,32.7182,-26.4476,5.6647,6.7184,6.2705,0.0311,29.359,-29.5829,5.6564,36.0774,-23.3123,5.6874
Springfield,Hillside House,Roof,17276,IfcSlab,RFC-002,27.6273,-27.1809,4.8024,5.2087,5.261,1.6772,24.9132,-29.497,3.9235,30.1219,-24.236,5.6007
Springfield,Hillside House,Roof,17277,IfcSlab,RFC-001,22.249,-21.3044,3.8003,7.1446,7.5518,1.3584,18.6767,-25.0804,3.1211,25.8214,-17.5285,4.4795
Springfield,Hillside House,Roof,17278,IfcSlab,RFC-003,32.1695,-31.4089,4.6861,5.1233,4.7797,1.8327,29.4382,-33.6411,3.7698,34.5616,-28.8613,5.6025
Springfield,Hillside House,Roof,17330,IfcFlowSegment,FU - 016,36.2712,-32.0864,4.2983,3.6849,3.419,0.1704,34.5183,-33.7509,4.2111,38.2032,-30.332,4.3816
Springfield,Hillside House,Roof,17359,IfcFlowSegment,FU - 016,36.838,-26.647,4.9874,2.4032,2.2476,0.1673,35.6841,-27.7933,4.9016,38.0873,-25.5457,5.0688
Springfield,Hillside House,Roof,17400,IfcCovering,FU - 017,34.9401,-27.873,5.1627,7.9842,10.236,1.3066,30.1219,-33.6363,4.3703,38.1061,-23.4003,5.6769
Springfield,Hillside House,Roof,17524,IfcCovering,FU - 017,31.0211,-23.3143,5.0489,10.174,10.0864,1.153,25.8214,-28.8613,4.5221,35.9954,-18.775,5.6752
Springfield,Hillside House,Roof,17463,IfcCovering,FU - 017,31.4371,-30.7457,5.2147,5.1233,4.7797,1.3066,29.4382,-33.6411,4.3703,34.5616,-28.8613,5.6769
Springfield,Hillside House,Roof,17553,IfcCovering,FU - 017,27.6452,-26.8879,5.1034,5.2087,5.261,1.153,24.9132,-29.497,4.5221,30.1219,-24.236,5.6752
Springfield,Hillside House,Roof,17482,IfcCovering,FU - 017,22.3668,-21.1938,4.1339,7.1446,7.5518,0.8411,18.6767,-25.0804,3.7132,25.8214,-17.5285,4.5544
Springfield,Hillside House,Roof,17523,IfcCovering,FU - 017,26.5538,-18.8529,4.235,12.11,10.0236,0.8411,19.5849,-24.236,3.7132,31.6948,-14.2124,4.5544
Springfield,Hillside House,Roof,17558,IfcFlowSegment,FU - 016,28.2524,-17.312,4.1392,2.4024,2.2703,0.1465,26.9833,-18.4573,4.0593,29.3857,-16.1869,4.2059
Springfield,Hillside House,Roof,17605,IfcFlowSegment,FU - 016,20.9726,-16.2075,3.6404,4.5729,4.2631,0.1513,18.578,-18.3692,3.5533,23.1509,-14.1061,3.7046
